absolute_error,context,interpretation,label,predicted_label,representation_score,split,unit_id
0.557579,context_a,"Representation score is a learned numerical transformation, not a direct explanation.",1,0,0.442421,train,1
0.348109,context_b,"Representation score is a learned numerical transformation, not a direct explanation.",1,1,0.651891,train,2
0.248809,context_a,"Representation score is a learned numerical transformation, not a direct explanation.",1,1,0.751191,train,3
0.109187,context_a,"Representation score is a learned numerical transformation, not a direct explanation.",0,0,0.109187,train,4
0.640555,context_b,"Representation score is a learned numerical transformation, not a direct explanation.",0,1,0.640555,train,5
0.735618,context_a,"Representation score is a learned numerical transformation, not a direct explanation.",1,0,0.264382,train,6
0.224878,context_b,"Representation score is a learned numerical transformation, not a direct explanation.",0,0,0.224878,train,7
0.26495,context_b,"Representation score is a learned numerical transformation, not a direct explanation.",1,1,0.73505,train,8
0.281749,context_a,"Representation score is a learned numerical transformation, not a direct explanation.",0,0,0.281749,train,9
0.397695,context_a,"Representation score is a learned numerical transformation, not a direct explanation.",0,0,0.397695,train,10
0.654627,context_a,"Representation score is a learned numerical transformation, not a direct explanation.",1,0,0.345373,train,11
0.40406,context_a,"Representation score is a learned numerical transformation, not a direct explanation.",0,0,0.40406,train,12
0.389825,context_a,"Representation score is a learned numerical transformation, not a direct explanation.",1,1,0.610175,train,13
0.21704,context_a,"Representation score is a learned numerical transformation, not a direct explanation.",0,0,0.21704,train,14
0.075524,context_b,"Representation score is a learned numerical transformation, not a direct explanation.",1,1,0.924476,train,15
0.372988,context_a,"Representation score is a learned numerical transformation, not a direct explanation.",0,0,0.372988,train,16
0.315015,context_b,"Representation score is a learned numerical transformation, not a direct explanation.",0,0,0.315015,train,17
0.757561,context_a,"Representation score is a learned numerical transformation, not a direct explanation.",0,1,0.757561,train,18
0.278506,context_b,"Representation score is a learned numerical transformation, not a direct explanation.",0,0,0.278506,train,19
0.226465,context_a,"Representation score is a learned numerical transformation, not a direct explanation.",0,0,0.226465,train,20
0.618749,context_a,"Representation score is a learned numerical transformation, not a direct explanation.",0,1,0.618749,train,21
0.897096,context_a,"Representation score is a learned numerical transformation, not a direct explanation.",1,0,0.102904,train,22
0.317493,context_a,"Representation score is a learned numerical transformation, not a direct explanation.",0,0,0.317493,train,23
0.68899,context_b,"Representation score is a learned numerical transformation, not a direct explanation.",0,1,0.68899,train,24
0.657839,context_b,"Representation score is a learned numerical transformation, not a direct explanation.",0,1,0.657839,train,25
0.21245,context_a,"Representation score is a learned numerical transformation, not a direct explanation.",1,1,0.78755,train,26
0.652291,context_b,"Representation score is a learned numerical transformation, not a direct explanation.",1,0,0.347709,train,27
0.418069,context_b,"Representation score is a learned numerical transformation, not a direct explanation.",0,0,0.418069,train,28
0.428078,context_b,"Representation score is a learned numerical transformation, not a direct explanation.",0,0,0.428078,train,29
0.185995,context_b,"Representation score is a learned numerical transformation, not a direct explanation.",0,0,0.185995,train,30
0.462713,context_a,"Representation score is a learned numerical transformation, not a direct explanation.",1,1,0.537287,train,31
0.101669,context_a,"Representation score is a learned numerical transformation, not a direct explanation.",1,1,0.898331,train,32
0.312122,context_b,"Representation score is a learned numerical transformation, not a direct explanation.",0,0,0.312122,train,33
0.450083,context_a,"Representation score is a learned numerical transformation, not a direct explanation.",1,1,0.549917,train,34
0.213582,context_a,"Representation score is a learned numerical transformation, not a direct explanation.",0,0,0.213582,train,35
0.401213,context_a,"Representation score is a learned numerical transformation, not a direct explanation.",0,0,0.401213,train,36
0.163949,context_b,"Representation score is a learned numerical transformation, not a direct explanation.",0,0,0.163949,train,37
0.91227,context_a,"Representation score is a learned numerical transformation, not a direct explanation.",0,1,0.91227,train,38
0.614866,context_a,"Representation score is a learned numerical transformation, not a direct explanation.",1,0,0.385134,train,39
0.275384,context_a,"Representation score is a learned numerical transformation, not a direct explanation.",1,1,0.724616,train,40
0.301016,context_a,"Representation score is a learned numerical transformation, not a direct explanation.",1,1,0.698984,train,41
0.413393,context_b,"Representation score is a learned numerical transformation, not a direct explanation.",0,0,0.413393,train,42
0.210384,context_a,"Representation score is a learned numerical transformation, not a direct explanation.",0,0,0.210384,train,43
0.218231,context_b,"Representation score is a learned numerical transformation, not a direct explanation.",0,0,0.218231,train,44
0.415332,context_a,"Representation score is a learned numerical transformation, not a direct explanation.",0,0,0.415332,train,45
0.379078,context_a,"Representation score is a learned numerical transformation, not a direct explanation.",1,1,0.620922,train,46
0.712105,context_b,"Representation score is a learned numerical transformation, not a direct explanation.",1,0,0.287895,train,47
0.336966,context_b,"Representation score is a learned numerical transformation, not a direct explanation.",1,1,0.663034,train,48
0.488031,context_a,"Representation score is a learned numerical transformation, not a direct explanation.",1,1,0.511969,train,49
0.843529,context_a,"Representation score is a learned numerical transformation, not a direct explanation.",0,1,0.843529,train,50
0.274067,context_a,"Representation score is a learned numerical transformation, not a direct explanation.",1,1,0.725933,train,51
0.412792,context_b,"Representation score is a learned numerical transformation, not a direct explanation.",1,1,0.587208,train,52
0.245418,context_b,"Representation score is a learned numerical transformation, not a direct explanation.",1,1,0.754582,train,53
0.253388,context_b,"Representation score is a learned numerical transformation, not a direct explanation.",0,0,0.253388,train,54
0.684621,context_a,"Representation score is a learned numerical transformation, not a direct explanation.",0,1,0.684621,train,55
0.749118,context_a,"Representation score is a learned numerical transformation, not a direct explanation.",1,0,0.250882,train,56
0.617902,context_a,"Representation score is a learned numerical transformation, not a direct explanation.",0,1,0.617902,train,57
0.404871,context_a,"Representation score is a learned numerical transformation, not a direct explanation.",1,1,0.595129,train,58
0.690925,context_a,"Representation score is a learned numerical transformation, not a direct explanation.",1,0,0.309075,train,59
0.162452,context_b,"Representation score is a learned numerical transformation, not a direct explanation.",1,1,0.837548,train,60
0.564027,context_a,"Representation score is a learned numerical transformation, not a direct explanation.",1,0,0.435973,train,61
0.490331,context_b,"Representation score is a learned numerical transformation, not a direct explanation.",0,0,0.490331,train,62
0.402132,context_a,"Representation score is a learned numerical transformation, not a direct explanation.",1,1,0.597868,train,63
0.745854,context_a,"Representation score is a learned numerical transformation, not a direct explanation.",0,1,0.745854,train,64
0.562729,context_b,"Representation score is a learned numerical transformation, not a direct explanation.",1,0,0.437271,train,65
0.545536,context_b,"Representation score is a learned numerical transformation, not a direct explanation.",1,0,0.454464,train,66
0.543112,context_b,"Representation score is a learned numerical transformation, not a direct explanation.",0,1,0.543112,train,67
0.227495,context_b,"Representation score is a learned numerical transformation, not a direct explanation.",0,0,0.227495,train,68
0.089296,context_a,"Representation score is a learned numerical transformation, not a direct explanation.",1,1,0.910704,train,69
0.072227,context_a,"Representation score is a learned numerical transformation, not a direct explanation.",1,1,0.927773,train,70
0.784366,context_a,"Representation score is a learned numerical transformation, not a direct explanation.",0,1,0.784366,train,71
0.425668,context_b,"Representation score is a learned numerical transformation, not a direct explanation.",0,0,0.425668,train,72
0.186835,context_b,"Representation score is a learned numerical transformation, not a direct explanation.",1,1,0.813165,train,73
0.485646,context_a,"Representation score is a learned numerical transformation, not a direct explanation.",1,1,0.514354,train,74
0.73138,context_a,"Representation score is a learned numerical transformation, not a direct explanation.",0,1,0.73138,train,75
0.555587,context_a,"Representation score is a learned numerical transformation, not a direct explanation.",0,1,0.555587,train,76
0.386125,context_a,"Representation score is a learned numerical transformation, not a direct explanation.",1,1,0.613875,train,77
0.403006,context_a,"Representation score is a learned numerical transformation, not a direct explanation.",1,1,0.596994,train,78
0.055617,context_a,"Representation score is a learned numerical transformation, not a direct explanation.",0,0,0.055617,train,79
0.113992,context_b,"Representation score is a learned numerical transformation, not a direct explanation.",1,1,0.886008,train,80
0.03418,context_a,"Representation score is a learned numerical transformation, not a direct explanation.",1,1,0.96582,train,81
0.634327,context_a,"Representation score is a learned numerical transformation, not a direct explanation.",0,1,0.634327,train,82
0.496479,context_a,"Representation score is a learned numerical transformation, not a direct explanation.",1,1,0.503521,train,83
0.304975,context_b,"Representation score is a learned numerical transformation, not a direct explanation.",1,1,0.695025,train,84
0.179191,context_b,"Representation score is a learned numerical transformation, not a direct explanation.",1,1,0.820809,train,85
0.608763,context_a,"Representation score is a learned numerical transformation, not a direct explanation.",0,1,0.608763,train,86
0.396722,context_b,"Representation score is a learned numerical transformation, not a direct explanation.",1,1,0.603278,train,87
0.374582,context_b,"Representation score is a learned numerical transformation, not a direct explanation.",1,1,0.625418,train,88
0.245265,context_b,"Representation score is a learned numerical transformation, not a direct explanation.",0,0,0.245265,train,89
0.11446,context_b,"Representation score is a learned numerical transformation, not a direct explanation.",1,1,0.88554,train,90
0.398571,context_b,"Representation score is a learned numerical transformation, not a direct explanation.",1,1,0.601429,train,91
0.189594,context_b,"Representation score is a learned numerical transformation, not a direct explanation.",0,0,0.189594,train,92
0.815774,context_a,"Representation score is a learned numerical transformation, not a direct explanation.",1,0,0.184226,train,93
0.164869,context_b,"Representation score is a learned numerical transformation, not a direct explanation.",1,1,0.835131,train,94
0.488788,context_a,"Representation score is a learned numerical transformation, not a direct explanation.",0,0,0.488788,train,95
0.615014,context_b,"Representation score is a learned numerical transformation, not a direct explanation.",0,1,0.615014,train,96
0.073528,context_a,"Representation score is a learned numerical transformation, not a direct explanation.",1,1,0.926472,train,97
0.530494,context_b,"Representation score is a learned numerical transformation, not a direct explanation.",0,1,0.530494,train,98
0.26777,context_b,"Representation score is a learned numerical transformation, not a direct explanation.",1,1,0.73223,train,99
0.40223,context_b,"Representation score is a learned numerical transformation, not a direct explanation.",1,1,0.59777,train,100
0.322316,context_a,"Representation score is a learned numerical transformation, not a direct explanation.",1,1,0.677684,train,101
0.228834,context_a,"Representation score is a learned numerical transformation, not a direct explanation.",1,1,0.771166,train,102
0.361643,context_a,"Representation score is a learned numerical transformation, not a direct explanation.",1,1,0.638357,train,103
0.506675,context_b,"Representation score is a learned numerical transformation, not a direct explanation.",1,0,0.493325,train,104
0.763245,context_b,"Representation score is a learned numerical transformation, not a direct explanation.",1,0,0.236755,train,105
0.247033,context_a,"Representation score is a learned numerical transformation, not a direct explanation.",0,0,0.247033,train,106
0.040084,context_a,"Representation score is a learned numerical transformation, not a direct explanation.",1,1,0.959916,train,107
0.471783,context_b,"Representation score is a learned numerical transformation, not a direct explanation.",0,0,0.471783,train,108
0.231241,context_a,"Representation score is a learned numerical transformation, not a direct explanation.",1,1,0.768759,train,109
0.457229,context_b,"Representation score is a learned numerical transformation, not a direct explanation.",1,1,0.542771,train,110
0.463747,context_b,"Representation score is a learned numerical transformation, not a direct explanation.",0,0,0.463747,train,111
0.367607,context_a,"Representation score is a learned numerical transformation, not a direct explanation.",1,1,0.632393,train,112
0.44994,context_a,"Representation score is a learned numerical transformation, not a direct explanation.",1,1,0.55006,train,113
0.676424,context_b,"Representation score is a learned numerical transformation, not a direct explanation.",1,0,0.323576,train,114
0.843814,context_a,"Representation score is a learned numerical transformation, not a direct explanation.",1,0,0.156186,train,115
0.556776,context_a,"Representation score is a learned numerical transformation, not a direct explanation.",1,0,0.443224,train,116
0.329982,context_a,"Representation score is a learned numerical transformation, not a direct explanation.",0,0,0.329982,train,117
0.298111,context_b,"Representation score is a learned numerical transformation, not a direct explanation.",1,1,0.701889,train,118
0.342253,context_a,"Representation score is a learned numerical transformation, not a direct explanation.",1,1,0.657747,train,119
0.152419,context_a,"Representation score is a learned numerical transformation, not a direct explanation.",0,0,0.152419,train,120
0.528109,context_b,"Representation score is a learned numerical transformation, not a direct explanation.",0,1,0.528109,train,121
0.579057,context_a,"Representation score is a learned numerical transformation, not a direct explanation.",1,0,0.420943,train,122
0.367372,context_a,"Representation score is a learned numerical transformation, not a direct explanation.",0,0,0.367372,train,123
0.244055,context_a,"Representation score is a learned numerical transformation, not a direct explanation.",1,1,0.755945,train,124
0.230065,context_a,"Representation score is a learned numerical transformation, not a direct explanation.",0,0,0.230065,train,125
0.413193,context_a,"Representation score is a learned numerical transformation, not a direct explanation.",1,1,0.586807,train,126
0.610319,context_b,"Representation score is a learned numerical transformation, not a direct explanation.",1,0,0.389681,train,127
0.27178,context_a,"Representation score is a learned numerical transformation, not a direct explanation.",0,0,0.27178,train,128
0.324268,context_a,"Representation score is a learned numerical transformation, not a direct explanation.",1,1,0.675732,train,129
0.791946,context_a,"Representation score is a learned numerical transformation, not a direct explanation.",0,1,0.791946,train,130
0.215822,context_b,"Representation score is a learned numerical transformation, not a direct explanation.",1,1,0.784178,train,131
0.136515,context_b,"Representation score is a learned numerical transformation, not a direct explanation.",0,0,0.136515,train,132
0.624712,context_a,"Representation score is a learned numerical transformation, not a direct explanation.",0,1,0.624712,train,133
0.696415,context_b,"Representation score is a learned numerical transformation, not a direct explanation.",1,0,0.303585,train,134
0.14239,context_a,"Representation score is a learned numerical transformation, not a direct explanation.",1,1,0.85761,train,135
0.18021,context_b,"Representation score is a learned numerical transformation, not a direct explanation.",0,0,0.18021,train,136
0.404222,context_b,"Representation score is a learned numerical transformation, not a direct explanation.",0,0,0.404222,train,137
0.475786,context_b,"Representation score is a learned numerical transformation, not a direct explanation.",0,0,0.475786,train,138
0.328688,context_a,"Representation score is a learned numerical transformation, not a direct explanation.",0,0,0.328688,train,139
0.46511,context_a,"Representation score is a learned numerical transformation, not a direct explanation.",1,1,0.53489,train,140
0.196249,context_b,"Representation score is a learned numerical transformation, not a direct explanation.",1,1,0.803751,train,141
0.237882,context_a,"Representation score is a learned numerical transformation, not a direct explanation.",1,1,0.762118,train,142
0.162425,context_a,"Representation score is a learned numerical transformation, not a direct explanation.",1,1,0.837575,train,143
0.318477,context_b,"Representation score is a learned numerical transformation, not a direct explanation.",1,1,0.681523,train,144
0.493845,context_b,"Representation score is a learned numerical transformation, not a direct explanation.",1,1,0.506155,train,145
0.574114,context_b,"Representation score is a learned numerical transformation, not a direct explanation.",0,1,0.574114,train,146
0.226131,context_a,"Representation score is a learned numerical transformation, not a direct explanation.",0,0,0.226131,train,147
0.622831,context_b,"Representation score is a learned numerical transformation, not a direct explanation.",0,1,0.622831,train,148
0.491391,context_a,"Representation score is a learned numerical transformation, not a direct explanation.",0,0,0.491391,train,149
0.624372,context_a,"Representation score is a learned numerical transformation, not a direct explanation.",1,0,0.375628,train,150
0.149122,context_a,"Representation score is a learned numerical transformation, not a direct explanation.",0,0,0.149122,train,151
0.542747,context_a,"Representation score is a learned numerical transformation, not a direct explanation.",1,0,0.457253,train,152
0.531882,context_b,"Representation score is a learned numerical transformation, not a direct explanation.",1,0,0.468118,train,153
0.459395,context_a,"Representation score is a learned numerical transformation, not a direct explanation.",0,0,0.459395,train,154
0.179473,context_b,"Representation score is a learned numerical transformation, not a direct explanation.",0,0,0.179473,train,155
0.357079,context_b,"Representation score is a learned numerical transformation, not a direct explanation.",0,0,0.357079,train,156
0.514688,context_b,"Representation score is a learned numerical transformation, not a direct explanation.",0,1,0.514688,train,157
0.762879,context_b,"Representation score is a learned numerical transformation, not a direct explanation.",0,1,0.762879,train,158
0.185908,context_a,"Representation score is a learned numerical transformation, not a direct explanation.",1,1,0.814092,train,159
0.488696,context_b,"Representation score is a learned numerical transformation, not a direct explanation.",1,1,0.511304,train,160
0.399619,context_a,"Representation score is a learned numerical transformation, not a direct explanation.",1,1,0.600381,train,161
0.51292,context_a,"Representation score is a learned numerical transformation, not a direct explanation.",1,0,0.48708,train,162
0.647989,context_a,"Representation score is a learned numerical transformation, not a direct explanation.",1,0,0.352011,train,163
0.415221,context_a,"Representation score is a learned numerical transformation, not a direct explanation.",1,1,0.584779,train,164
0.650026,context_a,"Representation score is a learned numerical transformation, not a direct explanation.",1,0,0.349974,train,165
0.097459,context_a,"Representation score is a learned numerical transformation, not a direct explanation.",1,1,0.902541,train,166
0.118016,context_b,"Representation score is a learned numerical transformation, not a direct explanation.",1,1,0.881984,train,167
0.605531,context_a,"Representation score is a learned numerical transformation, not a direct explanation.",1,0,0.394469,train,168
0.075379,context_b,"Representation score is a learned numerical transformation, not a direct explanation.",0,0,0.075379,train,169
0.286821,context_b,"Representation score is a learned numerical transformation, not a direct explanation.",1,1,0.713179,train,170
0.362678,context_b,"Representation score is a learned numerical transformation, not a direct explanation.",0,0,0.362678,train,171
0.771798,context_a,"Representation score is a learned numerical transformation, not a direct explanation.",0,1,0.771798,train,172
0.168215,context_a,"Representation score is a learned numerical transformation, not a direct explanation.",0,0,0.168215,train,173
0.139325,context_a,"Representation score is a learned numerical transformation, not a direct explanation.",0,0,0.139325,train,174
0.489537,context_a,"Representation score is a learned numerical transformation, not a direct explanation.",1,1,0.510463,train,175
0.545393,context_a,"Representation score is a learned numerical transformation, not a direct explanation.",0,1,0.545393,train,176
0.182439,context_a,"Representation score is a learned numerical transformation, not a direct explanation.",1,1,0.817561,train,177
0.188585,context_b,"Representation score is a learned numerical transformation, not a direct explanation.",1,1,0.811415,train,178
0.306292,context_a,"Representation score is a learned numerical transformation, not a direct explanation.",1,1,0.693708,train,179
0.215968,context_a,"Representation score is a learned numerical transformation, not a direct explanation.",0,0,0.215968,train,180
0.323403,context_b,"Representation score is a learned numerical transformation, not a direct explanation.",1,1,0.676597,train,181
0.284817,context_a,"Representation score is a learned numerical transformation, not a direct explanation.",0,0,0.284817,train,182
0.5347,context_a,"Representation score is a learned numerical transformation, not a direct explanation.",0,1,0.5347,train,183
0.540303,context_b,"Representation score is a learned numerical transformation, not a direct explanation.",1,0,0.459697,train,184
0.541162,context_a,"Representation score is a learned numerical transformation, not a direct explanation.",1,0,0.458838,train,185
0.409141,context_a,"Representation score is a learned numerical transformation, not a direct explanation.",1,1,0.590859,train,186
0.325337,context_a,"Representation score is a learned numerical transformation, not a direct explanation.",1,1,0.674663,train,187
0.095932,context_b,"Representation score is a learned numerical transformation, not a direct explanation.",1,1,0.904068,train,188
0.083,context_b,"Representation score is a learned numerical transformation, not a direct explanation.",1,1,0.917,train,189
0.344211,context_a,"Representation score is a learned numerical transformation, not a direct explanation.",1,1,0.655789,train,190
0.276945,context_b,"Representation score is a learned numerical transformation, not a direct explanation.",0,0,0.276945,train,191
0.389258,context_b,"Representation score is a learned numerical transformation, not a direct explanation.",0,0,0.389258,train,192
0.658087,context_a,"Representation score is a learned numerical transformation, not a direct explanation.",0,1,0.658087,train,193
0.178781,context_a,"Representation score is a learned numerical transformation, not a direct explanation.",1,1,0.821219,train,194
0.591528,context_b,"Representation score is a learned numerical transformation, not a direct explanation.",0,1,0.591528,train,195
0.762516,context_a,"Representation score is a learned numerical transformation, not a direct explanation.",0,1,0.762516,train,196
0.471589,context_b,"Representation score is a learned numerical transformation, not a direct explanation.",1,1,0.528411,train,197
0.396858,context_b,"Representation score is a learned numerical transformation, not a direct explanation.",0,0,0.396858,train,198
0.242668,context_a,"Representation score is a learned numerical transformation, not a direct explanation.",0,0,0.242668,train,199
0.577817,context_b,"Representation score is a learned numerical transformation, not a direct explanation.",0,1,0.577817,train,200
0.063431,context_a,"Representation score is a learned numerical transformation, not a direct explanation.",0,0,0.063431,train,201
0.726047,context_a,"Representation score is a learned numerical transformation, not a direct explanation.",0,1,0.726047,train,202
0.309373,context_b,"Representation score is a learned numerical transformation, not a direct explanation.",1,1,0.690627,train,203
0.69558,context_a,"Representation score is a learned numerical transformation, not a direct explanation.",0,1,0.69558,train,204
0.429172,context_b,"Representation score is a learned numerical transformation, not a direct explanation.",0,0,0.429172,train,205
0.064167,context_a,"Representation score is a learned numerical transformation, not a direct explanation.",1,1,0.935833,train,206
0.590962,context_b,"Representation score is a learned numerical transformation, not a direct explanation.",1,0,0.409038,train,207
0.255055,context_a,"Representation score is a learned numerical transformation, not a direct explanation.",1,1,0.744945,train,208
0.666303,context_b,"Representation score is a learned numerical transformation, not a direct explanation.",0,1,0.666303,train,209
0.41884,context_b,"Representation score is a learned numerical transformation, not a direct explanation.",0,0,0.41884,train,210
0.229201,context_b,"Representation score is a learned numerical transformation, not a direct explanation.",0,0,0.229201,train,211
0.267986,context_a,"Representation score is a learned numerical transformation, not a direct explanation.",0,0,0.267986,train,212
0.199111,context_a,"Representation score is a learned numerical transformation, not a direct explanation.",1,1,0.800889,train,213
0.404378,context_a,"Representation score is a learned numerical transformation, not a direct explanation.",0,0,0.404378,train,214
0.205864,context_a,"Representation score is a learned numerical transformation, not a direct explanation.",0,0,0.205864,train,215
0.510972,context_a,"Representation score is a learned numerical transformation, not a direct explanation.",0,1,0.510972,train,216
0.251501,context_a,"Representation score is a learned numerical transformation, not a direct explanation.",0,0,0.251501,train,217
0.719232,context_a,"Representation score is a learned numerical transformation, not a direct explanation.",1,0,0.280768,train,218
0.854732,context_a,"Representation score is a learned numerical transformation, not a direct explanation.",1,0,0.145268,train,219
0.407588,context_b,"Representation score is a learned numerical transformation, not a direct explanation.",0,0,0.407588,train,220
0.557645,context_b,"Representation score is a learned numerical transformation, not a direct explanation.",1,0,0.442355,train,221
0.242246,context_a,"Representation score is a learned numerical transformation, not a direct explanation.",0,0,0.242246,train,222
0.093132,context_b,"Representation score is a learned numerical transformation, not a direct explanation.",1,1,0.906868,train,223
0.591403,context_b,"Representation score is a learned numerical transformation, not a direct explanation.",1,0,0.408597,train,224
0.301579,context_b,"Representation score is a learned numerical transformation, not a direct explanation.",1,1,0.698421,train,225
0.25458,context_a,"Representation score is a learned numerical transformation, not a direct explanation.",0,0,0.25458,train,226
0.370011,context_a,"Representation score is a learned numerical transformation, not a direct explanation.",1,1,0.629989,train,227
0.443554,context_b,"Representation score is a learned numerical transformation, not a direct explanation.",0,0,0.443554,train,228
0.190254,context_a,"Representation score is a learned numerical transformation, not a direct explanation.",0,0,0.190254,train,229
0.418492,context_a,"Representation score is a learned numerical transformation, not a direct explanation.",0,0,0.418492,train,230
0.444562,context_a,"Representation score is a learned numerical transformation, not a direct explanation.",1,1,0.555438,train,231
0.235137,context_a,"Representation score is a learned numerical transformation, not a direct explanation.",0,0,0.235137,train,232
0.630778,context_a,"Representation score is a learned numerical transformation, not a direct explanation.",1,0,0.369222,train,233
0.206535,context_a,"Representation score is a learned numerical transformation, not a direct explanation.",1,1,0.793465,train,234
0.352279,context_b,"Representation score is a learned numerical transformation, not a direct explanation.",1,1,0.647721,train,235
0.195126,context_a,"Representation score is a learned numerical transformation, not a direct explanation.",1,1,0.804874,train,236
0.189088,context_b,"Representation score is a learned numerical transformation, not a direct explanation.",1,1,0.810912,train,237
0.201802,context_b,"Representation score is a learned numerical transformation, not a direct explanation.",0,0,0.201802,train,238
0.264904,context_b,"Representation score is a learned numerical transformation, not a direct explanation.",1,1,0.735096,train,239
0.134002,context_b,"Representation score is a learned numerical transformation, not a direct explanation.",1,1,0.865998,train,240
0.497651,context_a,"Representation score is a learned numerical transformation, not a direct explanation.",1,1,0.502349,train,241
0.604978,context_b,"Representation score is a learned numerical transformation, not a direct explanation.",0,1,0.604978,train,242
0.636087,context_b,"Representation score is a learned numerical transformation, not a direct explanation.",0,1,0.636087,train,243
0.214318,context_a,"Representation score is a learned numerical transformation, not a direct explanation.",0,0,0.214318,train,244
0.354716,context_b,"Representation score is a learned numerical transformation, not a direct explanation.",0,0,0.354716,train,245
0.502694,context_b,"Representation score is a learned numerical transformation, not a direct explanation.",0,1,0.502694,train,246
0.237489,context_b,"Representation score is a learned numerical transformation, not a direct explanation.",0,0,0.237489,train,247
0.353145,context_b,"Representation score is a learned numerical transformation, not a direct explanation.",0,0,0.353145,train,248
0.229659,context_b,"Representation score is a learned numerical transformation, not a direct explanation.",1,1,0.770341,train,249
0.58772,context_a,"Representation score is a learned numerical transformation, not a direct explanation.",0,1,0.58772,train,250
0.161469,context_b,"Representation score is a learned numerical transformation, not a direct explanation.",0,0,0.161469,train,251
0.604649,context_a,"Representation score is a learned numerical transformation, not a direct explanation.",1,0,0.395351,train,252
0.165713,context_a,"Representation score is a learned numerical transformation, not a direct explanation.",0,0,0.165713,train,253
0.728842,context_a,"Representation score is a learned numerical transformation, not a direct explanation.",0,1,0.728842,train,254
0.45066,context_a,"Representation score is a learned numerical transformation, not a direct explanation.",1,1,0.54934,train,255
0.478034,context_a,"Representation score is a learned numerical transformation, not a direct explanation.",1,1,0.521966,train,256
0.278553,context_b,"Representation score is a learned numerical transformation, not a direct explanation.",0,0,0.278553,train,257
0.608479,context_a,"Representation score is a learned numerical transformation, not a direct explanation.",0,1,0.608479,train,258
0.229822,context_a,"Representation score is a learned numerical transformation, not a direct explanation.",1,1,0.770178,train,259
0.384547,context_a,"Representation score is a learned numerical transformation, not a direct explanation.",0,0,0.384547,train,260
0.645935,context_a,"Representation score is a learned numerical transformation, not a direct explanation.",1,0,0.354065,train,261
0.656401,context_a,"Representation score is a learned numerical transformation, not a direct explanation.",1,0,0.343599,train,262
0.238643,context_b,"Representation score is a learned numerical transformation, not a direct explanation.",1,1,0.761357,train,263
0.221175,context_b,"Representation score is a learned numerical transformation, not a direct explanation.",0,0,0.221175,train,264
0.435194,context_b,"Representation score is a learned numerical transformation, not a direct explanation.",1,1,0.564806,train,265
0.308218,context_a,"Representation score is a learned numerical transformation, not a direct explanation.",1,1,0.691782,train,266
0.509932,context_b,"Representation score is a learned numerical transformation, not a direct explanation.",1,0,0.490068,train,267
0.32299,context_a,"Representation score is a learned numerical transformation, not a direct explanation.",0,0,0.32299,train,268
0.214904,context_a,"Representation score is a learned numerical transformation, not a direct explanation.",1,1,0.785096,train,269
0.512483,context_a,"Representation score is a learned numerical transformation, not a direct explanation.",0,1,0.512483,train,270
0.179383,context_b,"Representation score is a learned numerical transformation, not a direct explanation.",1,1,0.820617,train,271
0.268433,context_a,"Representation score is a learned numerical transformation, not a direct explanation.",1,1,0.731567,train,272
0.164309,context_b,"Representation score is a learned numerical transformation, not a direct explanation.",1,1,0.835691,train,273
0.114377,context_a,"Representation score is a learned numerical transformation, not a direct explanation.",1,1,0.885623,train,274
0.458705,context_b,"Representation score is a learned numerical transformation, not a direct explanation.",0,0,0.458705,train,275
0.357934,context_b,"Representation score is a learned numerical transformation, not a direct explanation.",0,0,0.357934,train,276
0.274666,context_a,"Representation score is a learned numerical transformation, not a direct explanation.",1,1,0.725334,train,277
0.110542,context_a,"Representation score is a learned numerical transformation, not a direct explanation.",1,1,0.889458,train,278
0.472543,context_a,"Representation score is a learned numerical transformation, not a direct explanation.",1,1,0.527457,train,279
0.375112,context_a,"Representation score is a learned numerical transformation, not a direct explanation.",0,0,0.375112,train,280
0.567763,context_b,"Representation score is a learned numerical transformation, not a direct explanation.",1,0,0.432237,train,281
0.240807,context_b,"Representation score is a learned numerical transformation, not a direct explanation.",0,0,0.240807,train,282
0.201362,context_a,"Representation score is a learned numerical transformation, not a direct explanation.",1,1,0.798638,train,283
0.717821,context_a,"Representation score is a learned numerical transformation, not a direct explanation.",0,1,0.717821,train,284
0.746768,context_b,"Representation score is a learned numerical transformation, not a direct explanation.",0,1,0.746768,train,285
0.279363,context_a,"Representation score is a learned numerical transformation, not a direct explanation.",1,1,0.720637,train,286
0.596232,context_b,"Representation score is a learned numerical transformation, not a direct explanation.",0,1,0.596232,train,287
0.087634,context_b,"Representation score is a learned numerical transformation, not a direct explanation.",0,0,0.087634,train,288
0.327305,context_a,"Representation score is a learned numerical transformation, not a direct explanation.",0,0,0.327305,train,289
0.44012,context_a,"Representation score is a learned numerical transformation, not a direct explanation.",0,0,0.44012,train,290
0.102264,context_a,"Representation score is a learned numerical transformation, not a direct explanation.",0,0,0.102264,train,291
0.198305,context_a,"Representation score is a learned numerical transformation, not a direct explanation.",0,0,0.198305,train,292
0.637516,context_b,"Representation score is a learned numerical transformation, not a direct explanation.",0,1,0.637516,train,293
0.136903,context_a,"Representation score is a learned numerical transformation, not a direct explanation.",1,1,0.863097,train,294
0.605383,context_a,"Representation score is a learned numerical transformation, not a direct explanation.",0,1,0.605383,test,295
0.768227,context_b,"Representation score is a learned numerical transformation, not a direct explanation.",1,0,0.231773,test,296
0.52208,context_a,"Representation score is a learned numerical transformation, not a direct explanation.",1,0,0.47792,test,297
0.299883,context_b,"Representation score is a learned numerical transformation, not a direct explanation.",0,0,0.299883,test,298
0.60971,context_a,"Representation score is a learned numerical transformation, not a direct explanation.",0,1,0.60971,test,299
0.150638,context_a,"Representation score is a learned numerical transformation, not a direct explanation.",1,1,0.849362,test,300
0.404594,context_a,"Representation score is a learned numerical transformation, not a direct explanation.",1,1,0.595406,test,301
0.620252,context_b,"Representation score is a learned numerical transformation, not a direct explanation.",0,1,0.620252,test,302
0.069354,context_b,"Representation score is a learned numerical transformation, not a direct explanation.",0,0,0.069354,test,303
0.341233,context_a,"Representation score is a learned numerical transformation, not a direct explanation.",0,0,0.341233,test,304
0.393758,context_a,"Representation score is a learned numerical transformation, not a direct explanation.",1,1,0.606242,test,305
0.387035,context_a,"Representation score is a learned numerical transformation, not a direct explanation.",1,1,0.612965,test,306
0.60923,context_b,"Representation score is a learned numerical transformation, not a direct explanation.",1,0,0.39077,test,307
0.269968,context_a,"Representation score is a learned numerical transformation, not a direct explanation.",0,0,0.269968,test,308
0.673742,context_b,"Representation score is a learned numerical transformation, not a direct explanation.",1,0,0.326258,test,309
0.403116,context_a,"Representation score is a learned numerical transformation, not a direct explanation.",1,1,0.596884,test,310
0.171485,context_b,"Representation score is a learned numerical transformation, not a direct explanation.",1,1,0.828515,test,311
0.556766,context_b,"Representation score is a learned numerical transformation, not a direct explanation.",0,1,0.556766,test,312
0.339056,context_a,"Representation score is a learned numerical transformation, not a direct explanation.",0,0,0.339056,test,313
0.733071,context_a,"Representation score is a learned numerical transformation, not a direct explanation.",0,1,0.733071,test,314
0.345689,context_b,"Representation score is a learned numerical transformation, not a direct explanation.",0,0,0.345689,test,315
0.527058,context_a,"Representation score is a learned numerical transformation, not a direct explanation.",1,0,0.472942,test,316
0.52708,context_a,"Representation score is a learned numerical transformation, not a direct explanation.",1,0,0.47292,test,317
0.612655,context_b,"Representation score is a learned numerical transformation, not a direct explanation.",0,1,0.612655,test,318
0.257594,context_a,"Representation score is a learned numerical transformation, not a direct explanation.",0,0,0.257594,test,319
0.438221,context_a,"Representation score is a learned numerical transformation, not a direct explanation.",0,0,0.438221,test,320
0.805842,context_a,"Representation score is a learned numerical transformation, not a direct explanation.",0,1,0.805842,test,321
0.193064,context_a,"Representation score is a learned numerical transformation, not a direct explanation.",1,1,0.806936,test,322
0.16115,context_a,"Representation score is a learned numerical transformation, not a direct explanation.",1,1,0.83885,test,323
0.387872,context_b,"Representation score is a learned numerical transformation, not a direct explanation.",1,1,0.612128,test,324
0.193482,context_a,"Representation score is a learned numerical transformation, not a direct explanation.",0,0,0.193482,test,325
0.644797,context_b,"Representation score is a learned numerical transformation, not a direct explanation.",0,1,0.644797,test,326
0.493563,context_a,"Representation score is a learned numerical transformation, not a direct explanation.",1,1,0.506437,test,327
0.536659,context_a,"Representation score is a learned numerical transformation, not a direct explanation.",1,0,0.463341,test,328
0.280455,context_a,"Representation score is a learned numerical transformation, not a direct explanation.",0,0,0.280455,test,329
0.344363,context_a,"Representation score is a learned numerical transformation, not a direct explanation.",0,0,0.344363,test,330
0.38683,context_b,"Representation score is a learned numerical transformation, not a direct explanation.",0,0,0.38683,test,331
0.32799,context_a,"Representation score is a learned numerical transformation, not a direct explanation.",1,1,0.67201,test,332
0.502025,context_a,"Representation score is a learned numerical transformation, not a direct explanation.",0,1,0.502025,test,333
0.425973,context_a,"Representation score is a learned numerical transformation, not a direct explanation.",1,1,0.574027,test,334
0.247642,context_b,"Representation score is a learned numerical transformation, not a direct explanation.",0,0,0.247642,test,335
0.184313,context_a,"Representation score is a learned numerical transformation, not a direct explanation.",0,0,0.184313,test,336
0.302095,context_a,"Representation score is a learned numerical transformation, not a direct explanation.",1,1,0.697905,test,337
0.463318,context_b,"Representation score is a learned numerical transformation, not a direct explanation.",1,1,0.536682,test,338
0.442673,context_a,"Representation score is a learned numerical transformation, not a direct explanation.",0,0,0.442673,test,339
0.397551,context_b,"Representation score is a learned numerical transformation, not a direct explanation.",0,0,0.397551,test,340
0.490193,context_a,"Representation score is a learned numerical transformation, not a direct explanation.",0,0,0.490193,test,341
0.825107,context_b,"Representation score is a learned numerical transformation, not a direct explanation.",1,0,0.174893,test,342
0.775338,context_b,"Representation score is a learned numerical transformation, not a direct explanation.",0,1,0.775338,test,343
0.713734,context_a,"Representation score is a learned numerical transformation, not a direct explanation.",1,0,0.286266,test,344
0.594451,context_b,"Representation score is a learned numerical transformation, not a direct explanation.",1,0,0.405549,test,345
0.235361,context_a,"Representation score is a learned numerical transformation, not a direct explanation.",0,0,0.235361,test,346
0.14549,context_a,"Representation score is a learned numerical transformation, not a direct explanation.",0,0,0.14549,test,347
0.211427,context_b,"Representation score is a learned numerical transformation, not a direct explanation.",1,1,0.788573,test,348
0.330973,context_b,"Representation score is a learned numerical transformation, not a direct explanation.",1,1,0.669027,test,349
0.309178,context_b,"Representation score is a learned numerical transformation, not a direct explanation.",1,1,0.690822,test,350
0.459222,context_b,"Representation score is a learned numerical transformation, not a direct explanation.",1,1,0.540778,test,351
0.278408,context_a,"Representation score is a learned numerical transformation, not a direct explanation.",1,1,0.721592,test,352
0.275126,context_a,"Representation score is a learned numerical transformation, not a direct explanation.",0,0,0.275126,test,353
0.221378,context_b,"Representation score is a learned numerical transformation, not a direct explanation.",0,0,0.221378,test,354
0.368017,context_a,"Representation score is a learned numerical transformation, not a direct explanation.",0,0,0.368017,test,355
0.64388,context_b,"Representation score is a learned numerical transformation, not a direct explanation.",1,0,0.35612,test,356
0.443285,context_a,"Representation score is a learned numerical transformation, not a direct explanation.",0,0,0.443285,test,357
0.328624,context_b,"Representation score is a learned numerical transformation, not a direct explanation.",1,1,0.671376,test,358
0.72692,context_b,"Representation score is a learned numerical transformation, not a direct explanation.",1,0,0.27308,test,359
0.074163,context_a,"Representation score is a learned numerical transformation, not a direct explanation.",0,0,0.074163,test,360
0.21912,context_a,"Representation score is a learned numerical transformation, not a direct explanation.",1,1,0.78088,test,361
0.670212,context_b,"Representation score is a learned numerical transformation, not a direct explanation.",0,1,0.670212,test,362
0.283675,context_b,"Representation score is a learned numerical transformation, not a direct explanation.",1,1,0.716325,test,363
0.720854,context_b,"Representation score is a learned numerical transformation, not a direct explanation.",1,0,0.279146,test,364
0.722638,context_b,"Representation score is a learned numerical transformation, not a direct explanation.",0,1,0.722638,test,365
0.409508,context_b,"Representation score is a learned numerical transformation, not a direct explanation.",1,1,0.590492,test,366
0.12065,context_b,"Representation score is a learned numerical transformation, not a direct explanation.",1,1,0.87935,test,367
0.243279,context_b,"Representation score is a learned numerical transformation, not a direct explanation.",0,0,0.243279,test,368
0.216197,context_a,"Representation score is a learned numerical transformation, not a direct explanation.",1,1,0.783803,test,369
0.412984,context_b,"Representation score is a learned numerical transformation, not a direct explanation.",1,1,0.587016,test,370
0.527392,context_a,"Representation score is a learned numerical transformation, not a direct explanation.",0,1,0.527392,test,371
0.56311,context_b,"Representation score is a learned numerical transformation, not a direct explanation.",0,1,0.56311,test,372
0.174105,context_b,"Representation score is a learned numerical transformation, not a direct explanation.",1,1,0.825895,test,373
0.493745,context_a,"Representation score is a learned numerical transformation, not a direct explanation.",1,1,0.506255,test,374
0.352175,context_a,"Representation score is a learned numerical transformation, not a direct explanation.",0,0,0.352175,test,375
0.434408,context_b,"Representation score is a learned numerical transformation, not a direct explanation.",1,1,0.565592,test,376
0.084536,context_a,"Representation score is a learned numerical transformation, not a direct explanation.",0,0,0.084536,test,377
0.542956,context_b,"Representation score is a learned numerical transformation, not a direct explanation.",1,0,0.457044,test,378
0.644087,context_a,"Representation score is a learned numerical transformation, not a direct explanation.",0,1,0.644087,test,379
0.598733,context_a,"Representation score is a learned numerical transformation, not a direct explanation.",1,0,0.401267,test,380
0.466607,context_b,"Representation score is a learned numerical transformation, not a direct explanation.",1,1,0.533393,test,381
0.45157,context_a,"Representation score is a learned numerical transformation, not a direct explanation.",1,1,0.54843,test,382
0.266292,context_b,"Representation score is a learned numerical transformation, not a direct explanation.",0,0,0.266292,test,383
0.506955,context_a,"Representation score is a learned numerical transformation, not a direct explanation.",1,0,0.493045,test,384
0.253362,context_a,"Representation score is a learned numerical transformation, not a direct explanation.",1,1,0.746638,test,385
0.299462,context_a,"Representation score is a learned numerical transformation, not a direct explanation.",0,0,0.299462,test,386
0.274889,context_a,"Representation score is a learned numerical transformation, not a direct explanation.",1,1,0.725111,test,387
0.486409,context_a,"Representation score is a learned numerical transformation, not a direct explanation.",1,1,0.513591,test,388
0.643237,context_a,"Representation score is a learned numerical transformation, not a direct explanation.",0,1,0.643237,test,389
0.503355,context_a,"Representation score is a learned numerical transformation, not a direct explanation.",1,0,0.496645,test,390
0.415438,context_a,"Representation score is a learned numerical transformation, not a direct explanation.",1,1,0.584562,test,391
0.556221,context_a,"Representation score is a learned numerical transformation, not a direct explanation.",0,1,0.556221,test,392
0.715655,context_a,"Representation score is a learned numerical transformation, not a direct explanation.",0,1,0.715655,test,393
0.389834,context_a,"Representation score is a learned numerical transformation, not a direct explanation.",1,1,0.610166,test,394
0.49927,context_b,"Representation score is a learned numerical transformation, not a direct explanation.",1,1,0.50073,test,395
0.80862,context_b,"Representation score is a learned numerical transformation, not a direct explanation.",1,0,0.19138,test,396
0.568997,context_b,"Representation score is a learned numerical transformation, not a direct explanation.",1,0,0.431003,test,397
0.158169,context_a,"Representation score is a learned numerical transformation, not a direct explanation.",0,0,0.158169,test,398
0.320913,context_a,"Representation score is a learned numerical transformation, not a direct explanation.",0,0,0.320913,test,399
0.230679,context_a,"Representation score is a learned numerical transformation, not a direct explanation.",1,1,0.769321,test,400
0.445926,context_a,"Representation score is a learned numerical transformation, not a direct explanation.",0,0,0.445926,test,401
0.566637,context_b,"Representation score is a learned numerical transformation, not a direct explanation.",0,1,0.566637,test,402
0.315992,context_a,"Representation score is a learned numerical transformation, not a direct explanation.",1,1,0.684008,test,403
0.404006,context_b,"Representation score is a learned numerical transformation, not a direct explanation.",1,1,0.595994,test,404
0.262909,context_a,"Representation score is a learned numerical transformation, not a direct explanation.",0,0,0.262909,test,405
0.275923,context_b,"Representation score is a learned numerical transformation, not a direct explanation.",1,1,0.724077,test,406
0.567252,context_a,"Representation score is a learned numerical transformation, not a direct explanation.",0,1,0.567252,test,407
0.348914,context_a,"Representation score is a learned numerical transformation, not a direct explanation.",1,1,0.651086,test,408
0.272073,context_a,"Representation score is a learned numerical transformation, not a direct explanation.",0,0,0.272073,test,409
0.555832,context_b,"Representation score is a learned numerical transformation, not a direct explanation.",1,0,0.444168,test,410
0.369332,context_b,"Representation score is a learned numerical transformation, not a direct explanation.",1,1,0.630668,test,411
0.300223,context_b,"Representation score is a learned numerical transformation, not a direct explanation.",1,1,0.699777,test,412
0.087114,context_a,"Representation score is a learned numerical transformation, not a direct explanation.",1,1,0.912886,test,413
0.317088,context_a,"Representation score is a learned numerical transformation, not a direct explanation.",1,1,0.682912,test,414
0.189867,context_a,"Representation score is a learned numerical transformation, not a direct explanation.",0,0,0.189867,test,415
0.319119,context_a,"Representation score is a learned numerical transformation, not a direct explanation.",0,0,0.319119,test,416
0.032637,context_b,"Representation score is a learned numerical transformation, not a direct explanation.",0,0,0.032637,test,417
0.294378,context_a,"Representation score is a learned numerical transformation, not a direct explanation.",0,0,0.294378,test,418
0.439336,context_b,"Representation score is a learned numerical transformation, not a direct explanation.",1,1,0.560664,test,419
0.706182,context_b,"Representation score is a learned numerical transformation, not a direct explanation.",0,1,0.706182,test,420
