context,interaction_x1_x3,interpretation,label,label_probability,latent_signal,unit_id,x1,x2,x3
context_a,-1.712278,Synthetic row for representation-learning audit; label is generated from a known latent rule.,1,0.363351,-0.560847,1,0.865872,0.804144,-1.977517
context_b,0.111299,Synthetic row for representation-learning audit; label is generated from a known latent rule.,1,0.69616,0.829076,2,-0.147169,-1.026861,-0.756266
context_a,-0.001787,Synthetic row for representation-learning audit; label is generated from a known latent rule.,1,0.718884,0.938933,3,-0.208535,-1.696922,0.008567
context_a,-1.569354,Synthetic row for representation-learning audit; label is generated from a known latent rule.,0,0.04704,-3.008579,4,-1.328993,1.414038,1.180859
context_b,-0.112481,Synthetic row for representation-learning audit; label is generated from a known latent rule.,0,0.634423,0.551239,5,-0.59748,-1.384944,0.188258
context_a,-2.770587,Synthetic row for representation-learning audit; label is generated from a known latent rule.,1,0.17576,-1.545346,6,0.737538,1.356061,-3.756535
context_b,0.198689,Synthetic row for representation-learning audit; label is generated from a known latent rule.,0,0.246646,-1.116582,7,-0.686854,1.0764,-0.289273
context_b,-0.111692,Synthetic row for representation-learning audit; label is generated from a known latent rule.,1,0.786212,1.302239,8,1.067363,-0.197866,-0.104643
context_a,0.898209,Synthetic row for representation-learning audit; label is generated from a known latent rule.,0,0.305032,-0.823451,9,-0.890655,0.473604,-1.008481
context_a,0.815899,Synthetic row for representation-learning audit; label is generated from a known latent rule.,0,0.436308,-0.256161,10,-0.60257,0.001249,-1.354033
context_a,-0.057886,Synthetic row for representation-learning audit; label is generated from a known latent rule.,1,0.297466,-0.859393,11,-0.056654,1.042175,1.021741
context_a,-0.264962,Synthetic row for representation-learning audit; label is generated from a known latent rule.,0,0.328935,-0.713007,12,-0.510671,0.083767,0.518852
context_a,-0.285587,Synthetic row for representation-learning audit; label is generated from a known latent rule.,1,0.591195,0.368909,13,0.352491,-0.303652,-0.810195
context_a,0.722339,Synthetic row for representation-learning audit; label is generated from a known latent rule.,0,0.229722,-1.209883,14,-0.783257,1.058344,-0.922224
context_b,-3.277985,Synthetic row for representation-learning audit; label is generated from a known latent rule.,1,0.895269,2.145728,15,2.667774,-1.266337,-1.228734
context_a,0.406951,Synthetic row for representation-learning audit; label is generated from a known latent rule.,0,0.385695,-0.465446,16,-0.36228,0.36344,-1.123307
context_b,0.023604,Synthetic row for representation-learning audit; label is generated from a known latent rule.,0,0.320338,-0.752218,17,-0.762304,0.34093,-0.030964
context_a,0.081326,Synthetic row for representation-learning audit; label is generated from a known latent rule.,0,0.741501,1.053785,18,0.257645,-1.174894,0.31565
context_b,0.136582,Synthetic row for representation-learning audit; label is generated from a known latent rule.,0,0.351252,-0.61354,19,-0.073196,1.150665,-1.865982
context_a,0.137381,Synthetic row for representation-learning audit; label is generated from a known latent rule.,0,0.228502,-1.216787,20,-0.132316,1.575583,-1.03828
context_a,0.32788,Synthetic row for representation-learning audit; label is generated from a known latent rule.,0,0.659518,0.661145,21,1.246165,0.886082,0.263111
context_a,0.460982,Synthetic row for representation-learning audit; label is generated from a known latent rule.,1,0.093181,-2.275399,22,-1.174181,1.881957,-0.392599
context_a,-0.165301,Synthetic row for representation-learning audit; label is generated from a known latent rule.,0,0.257777,-1.057553,23,-0.12132,1.168447,1.362512
context_b,0.001725,Synthetic row for representation-learning audit; label is generated from a known latent rule.,0,0.747613,1.085924,24,0.946918,0.020607,0.001822
context_b,0.029155,Synthetic row for representation-learning audit; label is generated from a known latent rule.,0,0.741994,1.056356,25,1.540372,0.885882,0.018928
context_a,-1.724866,Synthetic row for representation-learning audit; label is generated from a known latent rule.,1,0.728007,0.984532,26,1.393009,-0.696234,-1.23823
context_b,-1.643667,Synthetic row for representation-learning audit; label is generated from a known latent rule.,1,0.205435,-1.352665,27,-1.485164,-0.85413,1.106724
context_b,-0.472576,Synthetic row for representation-learning audit; label is generated from a known latent rule.,0,0.374599,-0.512537,28,-0.360092,0.225414,1.312377
context_b,0.480775,Synthetic row for representation-learning audit; label is generated from a known latent rule.,0,0.506554,0.026218,29,-0.419844,-0.012458,-1.145128
context_b,-1.972588,Synthetic row for representation-learning audit; label is generated from a known latent rule.,0,0.085024,-2.375969,30,-2.038906,-0.355224,0.967474
context_a,0.091137,Synthetic row for representation-learning audit; label is generated from a known latent rule.,1,0.483045,-0.067846,31,0.055455,0.159343,1.643444
context_a,1.764816,Synthetic row for representation-learning audit; label is generated from a known latent rule.,1,0.936946,2.698636,32,1.293644,-1.036438,1.36422
context_b,0.093413,Synthetic row for representation-learning audit; label is generated from a known latent rule.,0,0.340016,-0.663224,33,-0.399345,0.75126,-0.233916
context_a,-0.245753,Synthetic row for representation-learning audit; label is generated from a known latent rule.,1,0.532861,0.131635,34,0.451744,0.195619,-0.54401
context_a,0.115029,Synthetic row for representation-learning audit; label is generated from a known latent rule.,0,0.186872,-1.470462,35,-0.697767,1.156209,-0.164853
context_a,0.049285,Synthetic row for representation-learning audit; label is generated from a known latent rule.,0,0.368136,-0.540222,36,-0.341918,0.267968,-0.144141
context_b,-0.949757,Synthetic row for representation-learning audit; label is generated from a known latent rule.,0,0.109341,-2.097491,37,-1.600261,0.499789,0.593501
context_a,-0.478794,Synthetic row for representation-learning audit; label is generated from a known latent rule.,0,0.911127,2.327477,38,1.459464,-1.72349,-0.328061
context_a,-0.834897,Synthetic row for representation-learning audit; label is generated from a known latent rule.,1,0.356765,-0.589435,39,1.029549,1.631146,-0.810935
context_a,0.580004,Synthetic row for representation-learning audit; label is generated from a known latent rule.,1,0.74383,1.06597,40,0.671109,-0.310592,0.864247
context_a,-0.170333,Synthetic row for representation-learning audit; label is generated from a known latent rule.,1,0.683965,0.772052,41,0.195851,-1.018063,-0.86971
context_b,-0.30586,Synthetic row for representation-learning audit; label is generated from a known latent rule.,0,0.467973,-0.128284,42,0.178967,0.515236,-1.709034
context_a,0.302071,Synthetic row for representation-learning audit; label is generated from a known latent rule.,0,0.203959,-1.36173,43,0.290032,2.461703,1.041511
context_b,1.202283,Synthetic row for representation-learning audit; label is generated from a known latent rule.,0,0.306889,-0.814705,44,-0.995168,0.871889,-1.20812
context_a,-0.793704,Synthetic row for representation-learning audit; label is generated from a known latent rule.,0,0.38185,-0.481703,45,0.710456,1.070671,-1.117175
context_a,0.242912,Synthetic row for representation-learning audit; label is generated from a known latent rule.,1,0.596904,0.392581,46,-0.545839,-1.216883,-0.445025
context_b,-0.090901,Synthetic row for representation-learning audit; label is generated from a known latent rule.,1,0.29647,-0.864165,47,-0.144562,1.265609,0.628804
context_b,-0.720241,Synthetic row for representation-learning audit; label is generated from a known latent rule.,1,0.687928,0.790452,48,0.465699,-0.674494,-1.54658
context_a,0.259644,Synthetic row for representation-learning audit; label is generated from a known latent rule.,1,0.475303,-0.098869,49,-0.813241,-0.866958,-0.31927
context_a,0.675633,Synthetic row for representation-learning audit; label is generated from a known latent rule.,0,0.886587,2.056344,50,1.879064,-0.024569,0.359558
context_a,0.077678,Synthetic row for representation-learning audit; label is generated from a known latent rule.,1,0.703425,0.863659,51,0.173283,-1.020121,0.448271
context_b,-0.052565,Synthetic row for representation-learning audit; label is generated from a known latent rule.,1,0.640562,0.577804,52,0.043596,-0.514345,-1.205721
context_b,-0.197918,Synthetic row for representation-learning audit; label is generated from a known latent rule.,1,0.784606,1.292712,53,0.254132,-1.343357,-0.7788
context_b,-1.242857,Synthetic row for representation-learning audit; label is generated from a known latent rule.,0,0.166456,-1.610956,54,-1.141599,0.238788,1.088699
context_a,0.732287,Synthetic row for representation-learning audit; label is generated from a known latent rule.,0,0.695833,0.827533,55,-0.772598,-1.831389,-0.947824
context_a,-2.638642,Synthetic row for representation-learning audit; label is generated from a known latent rule.,1,0.076668,-2.488505,56,-2.061222,-1.010063,1.280135
context_a,-0.482697,Synthetic row for representation-learning audit; label is generated from a known latent rule.,0,0.503264,0.013058,57,-0.278625,-0.778523,1.732424
context_a,-0.911315,Synthetic row for representation-learning audit; label is generated from a known latent rule.,1,0.433523,-0.267493,58,-0.464775,-0.905906,1.960767
context_a,-1.566587,Synthetic row for representation-learning audit; label is generated from a known latent rule.,1,0.148447,-1.746835,59,-1.483834,-0.596817,1.055769
context_b,1.035537,Synthetic row for representation-learning audit; label is generated from a known latent rule.,1,0.894613,2.138753,60,0.902833,-0.878672,1.146987
context_a,0.456719,Synthetic row for representation-learning audit; label is generated from a known latent rule.,1,0.420463,-0.320873,61,-0.827321,-0.442227,-0.552046
context_b,0.436108,Synthetic row for representation-learning audit; label is generated from a known latent rule.,0,0.56102,0.245304,62,0.492233,0.883666,0.885979
context_a,0.007183,Synthetic row for representation-learning audit; label is generated from a known latent rule.,1,0.5525,0.210777,63,-0.406591,-0.919723,-0.017666
context_a,0.058615,Synthetic row for representation-learning audit; label is generated from a known latent rule.,0,0.741964,1.056201,64,0.565051,-0.775751,0.103734
context_b,2.179818,Synthetic row for representation-learning audit; label is generated from a known latent rule.,1,0.601683,0.412482,65,-1.591269,-1.061814,-1.369861
context_b,-0.667583,Synthetic row for representation-learning audit; label is generated from a known latent rule.,1,0.388001,-0.455723,66,-0.473649,-0.135223,1.409446
context_b,-0.092586,Synthetic row for representation-learning audit; label is generated from a known latent rule.,0,0.541993,0.168367,67,-0.08288,-0.12681,1.117116
context_b,0.269501,Synthetic row for representation-learning audit; label is generated from a known latent rule.,0,0.296666,-0.863225,68,-0.15449,1.482479,-1.744462
context_a,0.500526,Synthetic row for representation-learning audit; label is generated from a known latent rule.,1,0.939275,2.73876,69,2.42851,-0.36634,0.206104
context_a,2.058802,Synthetic row for representation-learning audit; label is generated from a known latent rule.,1,0.963813,3.282205,70,1.868239,-0.90131,1.102002
context_a,0.169468,Synthetic row for representation-learning audit; label is generated from a known latent rule.,0,0.772585,1.222965,71,0.316822,-1.279604,0.5349
context_b,-0.730581,Synthetic row for representation-learning audit; label is generated from a known latent rule.,0,0.471329,-0.114811,72,1.300651,1.74524,-0.561704
context_b,0.334763,Synthetic row for representation-learning audit; label is generated from a known latent rule.,1,0.844372,1.691128,73,0.401478,-1.370115,0.833828
context_a,-1.785437,Synthetic row for representation-learning audit; label is generated from a known latent rule.,1,0.444914,-0.221243,74,0.487535,-0.241493,-3.662168
context_a,-1.720475,Synthetic row for representation-learning audit; label is generated from a known latent rule.,0,0.658864,0.658238,75,0.768089,-1.075382,-2.239943
context_a,0.164506,Synthetic row for representation-learning audit; label is generated from a known latent rule.,0,0.49502,-0.019923,76,-1.099595,-1.429521,-0.149606
context_a,-0.544729,Synthetic row for representation-learning audit; label is generated from a known latent rule.,1,0.610225,0.448259,77,1.395172,0.831466,-0.390439
context_a,-0.389815,Synthetic row for representation-learning audit; label is generated from a known latent rule.,1,0.578809,0.317888,78,0.673554,0.137959,-0.578744
context_a,-1.043227,Synthetic row for representation-learning audit; label is generated from a known latent rule.,0,0.027148,-3.578939,79,-1.674722,2.097858,0.622925
context_b,0.201721,Synthetic row for representation-learning audit; label is generated from a known latent rule.,1,0.922609,2.478342,80,1.536462,-1.039897,0.131289
context_a,1.931465,Synthetic row for representation-learning audit; label is generated from a known latent rule.,1,0.986928,4.324123,81,3.361108,-0.445587,0.574651
context_a,1.897026,Synthetic row for representation-learning audit; label is generated from a known latent rule.,0,0.742141,1.057129,82,1.059199,1.075389,1.791
context_a,0.026487,Synthetic row for representation-learning audit; label is generated from a known latent rule.,1,0.489834,-0.040669,83,-0.03921,-0.049517,-0.675506
context_b,-0.225247,Synthetic row for representation-learning audit; label is generated from a known latent rule.,1,0.735842,1.024467,84,0.679274,-0.400739,-0.331599
context_b,-1.150704,Synthetic row for representation-learning audit; label is generated from a known latent rule.,1,0.826262,1.559366,85,1.131478,-1.146112,-1.016992
context_a,-0.257197,Synthetic row for representation-learning audit; label is generated from a known latent rule.,0,0.605502,0.428444,86,0.940708,0.427842,-0.273408
context_b,0.159704,Synthetic row for representation-learning audit; label is generated from a known latent rule.,1,0.634763,0.552707,87,-0.447499,-1.00852,-0.35688
context_b,-0.005975,Synthetic row for representation-learning audit; label is generated from a known latent rule.,1,0.645883,0.60099,88,-0.212013,-0.864416,0.028183
context_b,0.577548,Synthetic row for representation-learning audit; label is generated from a known latent rule.,0,0.31141,-0.793534,89,-0.539392,1.058583,-1.070739
context_b,0.677536,Synthetic row for representation-learning audit; label is generated from a known latent rule.,1,0.935051,2.666995,90,1.898974,-0.511542,0.35679
context_b,-0.082091,Synthetic row for representation-learning audit; label is generated from a known latent rule.,1,0.607369,0.436268,91,-0.345341,-0.858975,0.237711
context_b,-1.358286,Synthetic row for representation-learning audit; label is generated from a known latent rule.,0,0.117897,-2.012498,92,-0.99887,0.931917,1.359823
context_a,0.17166,Synthetic row for representation-learning audit; label is generated from a known latent rule.,1,0.183257,-1.494436,93,-0.210068,1.88874,-0.81716
context_b,-0.907244,Synthetic row for representation-learning audit; label is generated from a known latent rule.,1,0.857896,1.79792,94,1.735575,-0.510549,-0.522734
context_a,-0.582702,Synthetic row for representation-learning audit; label is generated from a known latent rule.,0,0.461551,-0.154098,95,0.595892,0.582829,-0.977864
context_b,-0.212424,Synthetic row for representation-learning audit; label is generated from a known latent rule.,0,0.656148,0.646176,96,0.263793,-0.415949,-0.805268
context_a,2.309806,Synthetic row for representation-learning audit; label is generated from a known latent rule.,1,0.963498,3.273217,97,1.627472,-1.053865,1.41926
context_b,-0.31165,Synthetic row for representation-learning audit; label is generated from a known latent rule.,0,0.505616,0.022466,98,-0.4344,-0.536269,0.717426
context_b,-0.015724,Synthetic row for representation-learning audit; label is generated from a known latent rule.,1,0.793581,1.346645,99,1.276687,0.084474,-0.012316
context_b,-1.00885,Synthetic row for representation-learning audit; label is generated from a known latent rule.,1,0.613545,0.462238,100,0.901566,0.200381,-1.118998
context_a,0.971381,Synthetic row for representation-learning audit; label is generated from a known latent rule.,1,0.715642,0.922945,101,0.685227,0.164488,1.417605
context_a,1.438566,Synthetic row for representation-learning audit; label is generated from a known latent rule.,1,0.842823,1.679385,102,1.345373,0.280104,1.069269
context_a,-0.198327,Synthetic row for representation-learning audit; label is generated from a known latent rule.,1,0.652882,0.631734,103,1.350351,0.731219,-0.14687
context_b,-0.040188,Synthetic row for representation-learning audit; label is generated from a known latent rule.,1,0.499455,-0.002181,104,-0.03669,0.213201,1.095348
context_b,0.169711,Synthetic row for representation-learning audit; label is generated from a known latent rule.,1,0.265709,-1.016503,105,-0.472529,1.205671,-0.359155
context_a,-1.518678,Synthetic row for representation-learning audit; label is generated from a known latent rule.,0,0.115765,-2.033164,106,-1.468678,-0.136408,1.034044
context_a,3.689164,Synthetic row for representation-learning audit; label is generated from a known latent rule.,1,0.989948,4.589832,107,2.977731,-0.21552,1.238918
context_b,0.372449,Synthetic row for representation-learning audit; label is generated from a known latent rule.,0,0.511707,0.046835,108,-0.781217,-0.601984,-0.476755
context_a,2.036306,Synthetic row for representation-learning audit; label is generated from a known latent rule.,1,0.852437,1.753846,109,1.129735,0.265342,1.802464
context_b,0.18822,Synthetic row for representation-learning audit; label is generated from a known latent rule.,1,0.584978,0.343241,110,0.248147,0.25314,0.758502
context_b,-0.020446,Synthetic row for representation-learning audit; label is generated from a known latent rule.,0,0.506129,0.024516,111,0.066058,0.327198,-0.309508
context_a,-0.301038,Synthetic row for representation-learning audit; label is generated from a known latent rule.,1,0.620764,0.492791,112,0.194085,-0.705539,-1.551058
context_a,-0.882434,Synthetic row for representation-learning audit; label is generated from a known latent rule.,1,0.514189,0.056773,113,1.005079,0.644224,-0.877975
context_b,-0.339349,Synthetic row for representation-learning audit; label is generated from a known latent rule.,1,0.278672,-0.951057,114,-0.124633,1.25707,2.722781
context_a,-0.095757,Synthetic row for representation-learning audit; label is generated from a known latent rule.,1,0.130226,-1.898964,115,-0.114202,2.424831,0.838495
context_a,0.386397,Synthetic row for representation-learning audit; label is generated from a known latent rule.,1,0.417804,-0.331797,116,-0.875856,-0.537698,-0.441164
context_a,2.155364,Synthetic row for representation-learning audit; label is generated from a known latent rule.,0,0.450863,-0.197184,117,-1.221361,-0.061708,-1.764723
context_b,-0.013945,Synthetic row for representation-learning audit; label is generated from a known latent rule.,1,0.719613,0.942542,118,-0.152076,-1.276128,0.091696
context_a,-0.929991,Synthetic row for representation-learning audit; label is generated from a known latent rule.,1,0.620432,0.49138,119,0.997426,-0.017602,-0.932391
context_a,0.168994,Synthetic row for representation-learning audit; label is generated from a known latent rule.,0,0.132525,-1.878817,120,-0.824481,1.602298,-0.204971
context_b,0.025969,Synthetic row for representation-learning audit; label is generated from a known latent rule.,0,0.557955,0.232866,121,-0.195884,-0.2961,-0.132574
context_a,-0.163411,Synthetic row for representation-learning audit; label is generated from a known latent rule.,1,0.358936,-0.579983,122,-0.229547,0.340541,0.711882
context_a,-0.374761,Synthetic row for representation-learning audit; label is generated from a known latent rule.,0,0.28362,-0.926576,123,-0.619651,0.170379,0.604794
context_a,0.017155,Synthetic row for representation-learning audit; label is generated from a known latent rule.,1,0.738273,1.03701,124,0.211931,-1.254222,0.080948
context_a,1.331992,Synthetic row for representation-learning audit; label is generated from a known latent rule.,0,0.290749,-0.891751,125,-0.822326,0.942768,-1.619786
context_a,-0.099377,Synthetic row for representation-learning audit; label is generated from a known latent rule.,1,0.571203,0.286761,126,0.355234,-0.062869,-0.27975
context_b,-0.400954,Synthetic row for representation-learning audit; label is generated from a known latent rule.,1,0.333985,-0.690216,127,-1.339212,-0.803522,0.299395
context_a,-1.220726,Synthetic row for representation-learning audit; label is generated from a known latent rule.,0,0.149443,-1.738976,128,-0.7107,0.66355,1.71764
context_a,0.12692,Synthetic row for representation-learning audit; label is generated from a known latent rule.,1,0.661092,0.668164,129,0.305129,-0.530253,0.415956
context_a,-0.138558,Synthetic row for representation-learning audit; label is generated from a known latent rule.,0,0.834227,1.615886,130,2.589684,1.045661,-0.053504
context_b,0.542927,Synthetic row for representation-learning audit; label is generated from a known latent rule.,1,0.819873,1.515487,131,-0.732768,-2.524714,-0.740926
context_b,-0.909449,Synthetic row for representation-learning audit; label is generated from a known latent rule.,0,0.099418,-2.203712,132,-0.78254,1.787209,1.162176
context_a,-0.588243,Synthetic row for representation-learning audit; label is generated from a known latent rule.,0,0.618309,0.482377,133,1.393728,0.752792,-0.422065
context_b,-0.919476,Synthetic row for representation-learning audit; label is generated from a known latent rule.,1,0.225418,-1.234367,134,-0.407394,0.905112,2.256969
context_a,2.149126,Synthetic row for representation-learning audit; label is generated from a known latent rule.,1,0.92063,2.450934,135,1.421517,-0.261981,1.511854
context_b,-0.066107,Synthetic row for representation-learning audit; label is generated from a known latent rule.,0,0.176064,-1.543247,136,-0.911246,1.211165,0.072545
context_b,-0.187139,Synthetic row for representation-learning audit; label is generated from a known latent rule.,0,0.394431,-0.428726,137,-0.543361,0.040458,0.344409
context_b,1.042664,Synthetic row for representation-learning audit; label is generated from a known latent rule.,0,0.556257,0.225983,138,-1.233588,-1.040989,-0.845229
context_a,0.162832,Synthetic row for representation-learning audit; label is generated from a known latent rule.,0,0.312358,-0.789118,139,-0.353595,0.680682,-0.460506
context_a,0.197675,Synthetic row for representation-learning audit; label is generated from a known latent rule.,1,0.481825,-0.072734,140,-1.011914,-1.213758,-0.195347
context_b,2.657435,Synthetic row for representation-learning audit; label is generated from a known latent rule.,1,0.917852,2.413507,141,1.299364,0.309622,2.045181
context_a,-1.001098,Synthetic row for representation-learning audit; label is generated from a known latent rule.,1,0.726435,0.976612,142,0.96632,-0.798716,-1.035989
context_a,0.66319,Synthetic row for representation-learning audit; label is generated from a known latent rule.,1,0.886342,2.053913,143,2.117194,0.294082,0.31324
context_b,0.94092,Synthetic row for representation-learning audit; label is generated from a known latent rule.,1,0.734234,1.016211,144,0.352258,-0.083073,2.671108
context_b,-0.855936,Synthetic row for representation-learning audit; label is generated from a known latent rule.,1,0.411327,-0.358483,145,-0.404795,-0.301776,2.114494
context_b,-0.078619,Synthetic row for representation-learning audit; label is generated from a known latent rule.,0,0.576354,0.307822,146,-0.488253,-0.867201,0.161022
context_a,-0.587277,Synthetic row for representation-learning audit; label is generated from a known latent rule.,0,0.150333,-1.731988,147,-0.972155,0.705952,0.604098
context_b,-0.547317,Synthetic row for representation-learning audit; label is generated from a known latent rule.,0,0.563889,0.256963,148,-0.848892,-1.58529,0.644743
context_a,-0.167562,Synthetic row for representation-learning audit; label is generated from a known latent rule.,0,0.422974,-0.310576,149,-0.180519,0.019543,0.928224
context_a,-0.189872,Synthetic row for representation-learning audit; label is generated from a known latent rule.,1,0.314139,-0.780841,150,-0.331299,0.472378,0.573115
context_a,-1.985634,Synthetic row for representation-learning audit; label is generated from a known latent rule.,0,0.055895,-2.826762,151,-1.482556,0.678284,1.339331
context_a,0.148697,Synthetic row for representation-learning audit; label is generated from a known latent rule.,1,0.436873,-0.253863,152,0.223339,0.689926,0.665789
context_b,0.177757,Synthetic row for representation-learning audit; label is generated from a known latent rule.,1,0.53014,0.120707,153,0.490879,0.89374,0.362119
context_a,0.007285,Synthetic row for representation-learning audit; label is generated from a known latent rule.,0,0.444931,-0.221173,154,0.303652,0.661315,0.023991
context_b,-1.138071,Synthetic row for representation-learning audit; label is generated from a known latent rule.,0,0.104952,-2.143377,155,-2.179051,-0.341219,0.522278
context_b,-0.463064,Synthetic row for representation-learning audit; label is generated from a known latent rule.,0,0.399543,-0.407371,156,0.306894,0.986487,-1.508872
context_b,-0.688791,Synthetic row for representation-learning audit; label is generated from a known latent rule.,0,0.426682,-0.295403,157,-0.256137,-0.08269,2.689154
context_b,0.156746,Synthetic row for representation-learning audit; label is generated from a known latent rule.,0,0.775125,1.237479,158,-0.691929,-2.320395,-0.226535
context_a,0.43327,Synthetic row for representation-learning audit; label is generated from a known latent rule.,1,0.845527,1.699942,159,1.419578,-0.294816,0.30521
context_b,-0.00669,Synthetic row for representation-learning audit; label is generated from a known latent rule.,1,0.539674,0.159029,160,-0.056192,-0.022031,0.119054
context_a,-0.131296,Synthetic row for representation-learning audit; label is generated from a known latent rule.,1,0.583912,0.338853,161,0.342507,-0.175079,-0.383338
context_a,0.350177,Synthetic row for representation-learning audit; label is generated from a known latent rule.,1,0.440842,-0.237748,162,-1.197788,-1.132245,-0.292353
context_a,-0.009197,Synthetic row for representation-learning audit; label is generated from a known latent rule.,1,0.28741,-0.907995,163,-1.087182,-0.255666,0.008459
context_a,-0.097404,Synthetic row for representation-learning audit; label is generated from a known latent rule.,1,0.56745,0.271455,164,0.174417,-0.285131,-0.558458
context_a,0.236154,Synthetic row for representation-learning audit; label is generated from a known latent rule.,1,0.313149,-0.785436,165,-0.906353,-0.027614,-0.260554
context_a,1.951856,Synthetic row for representation-learning audit; label is generated from a known latent rule.,1,0.943969,2.824191,166,1.417683,-0.927224,1.376793
context_b,0.565664,Synthetic row for representation-learning audit; label is generated from a known latent rule.,1,0.920698,2.451869,167,1.129848,-1.319949,0.500655
context_a,-1.068579,Synthetic row for representation-learning audit; label is generated from a known latent rule.,1,0.242659,-1.138156,168,-1.017656,-0.51354,1.050039
context_b,1.967183,Synthetic row for representation-learning audit; label is generated from a known latent rule.,0,0.123673,-1.958096,169,-1.888935,1.784058,-1.041425
context_b,0.016797,Synthetic row for representation-learning audit; label is generated from a known latent rule.,1,0.717519,0.93219,170,0.012964,-1.017593,1.295614
context_b,0.002055,Synthetic row for representation-learning audit; label is generated from a known latent rule.,0,0.399219,-0.408721,171,0.07335,0.970468,0.028018
context_a,-0.295194,Synthetic row for representation-learning audit; label is generated from a known latent rule.,0,0.763684,1.172986,172,0.850457,-0.782699,-0.3471
context_a,0.265321,Synthetic row for representation-learning audit; label is generated from a known latent rule.,0,0.149625,-1.737543,173,-0.896785,1.364274,-0.295858
context_a,0.63586,Synthetic row for representation-learning audit; label is generated from a known latent rule.,0,0.130707,-1.894723,174,-1.302005,1.277079,-0.48837
context_a,-0.258774,Synthetic row for representation-learning audit; label is generated from a known latent rule.,1,0.492707,-0.029176,175,0.395254,0.340312,-0.654704
context_a,-0.161452,Synthetic row for representation-learning audit; label is generated from a known latent rule.,0,0.473312,-0.106852,176,-0.562705,-0.786245,0.286922
context_a,2.066081,Synthetic row for representation-learning audit; label is generated from a known latent rule.,1,0.892224,2.113659,177,1.329711,0.041861,1.553783
context_b,0.567007,Synthetic row for representation-learning audit; label is generated from a known latent rule.,1,0.869385,1.89553,178,1.073644,-0.600593,0.528114
context_a,-0.024747,Synthetic row for representation-learning audit; label is generated from a known latent rule.,1,0.680271,0.755019,179,0.369735,-0.664153,-0.066932
context_a,-1.229668,Synthetic row for representation-learning audit; label is generated from a known latent rule.,0,0.113856,-2.051943,180,-1.025809,0.677249,1.198731
context_b,-0.031535,Synthetic row for representation-learning audit; label is generated from a known latent rule.,1,0.682003,0.762994,181,-0.496881,-1.498889,0.063466
context_a,-0.40527,Synthetic row for representation-learning audit; label is generated from a known latent rule.,0,0.20435,-1.359324,182,-1.014343,0.233324,0.39954
context_a,0.389628,Synthetic row for representation-learning audit; label is generated from a known latent rule.,0,0.52316,0.092706,183,-0.616344,-0.789856,-0.632161
context_b,0.491879,Synthetic row for representation-learning audit; label is generated from a known latent rule.,1,0.526669,0.106778,184,-0.567421,-0.32069,-0.866867
context_a,0.13167,Synthetic row for representation-learning audit; label is generated from a known latent rule.,1,0.43972,-0.2423,185,-0.275877,-0.015044,-0.477279
context_a,0.239054,Synthetic row for representation-learning audit; label is generated from a known latent rule.,1,0.571936,0.289755,186,-0.454973,-0.949151,-0.525424
context_a,1.047809,Synthetic row for representation-learning audit; label is generated from a known latent rule.,1,0.723495,0.961864,187,0.798102,0.31121,1.312877
context_b,0.449035,Synthetic row for representation-learning audit; label is generated from a known latent rule.,1,0.918126,2.417156,188,0.303542,-2.466749,1.479317
context_b,-0.37931,Synthetic row for representation-learning audit; label is generated from a known latent rule.,1,0.931885,2.616014,189,1.157476,-2.124431,-0.327704
context_a,-1.167407,Synthetic row for representation-learning audit; label is generated from a known latent rule.,1,0.616562,0.474981,190,1.441823,0.456311,-0.809675
context_b,1.464672,Synthetic row for representation-learning audit; label is generated from a known latent rule.,0,0.406523,-0.378359,191,-0.932148,0.502744,-1.571287
context_b,0.541464,Synthetic row for representation-learning audit; label is generated from a known latent rule.,0,0.407761,-0.37323,192,-1.528701,-0.907683,-0.354199
context_a,0.45541,Synthetic row for representation-learning audit; label is generated from a known latent rule.,0,0.678527,0.747012,193,0.721697,0.133622,0.631026
context_a,0.315893,Synthetic row for representation-learning audit; label is generated from a known latent rule.,1,0.843221,1.682389,194,1.235027,-0.59566,0.255779
context_b,0.545848,Synthetic row for representation-learning audit; label is generated from a known latent rule.,0,0.665571,0.688222,195,0.562489,0.41682,0.970416
context_a,-0.700958,Synthetic row for representation-learning audit; label is generated from a known latent rule.,0,0.739735,1.044593,196,0.947804,-0.728014,-0.73956
context_b,-0.094753,Synthetic row for representation-learning audit; label is generated from a known latent rule.,1,0.574011,0.298236,197,0.304144,0.211517,-0.311539
context_b,0.544534,Synthetic row for representation-learning audit; label is generated from a known latent rule.,0,0.470286,-0.118996,198,0.479149,1.45604,1.13646
context_a,-0.874758,Synthetic row for representation-learning audit; label is generated from a known latent rule.,0,0.141956,-1.799139,199,-1.338094,0.120442,0.653734
context_b,-0.235628,Synthetic row for representation-learning audit; label is generated from a known latent rule.,0,0.62617,0.515821,200,0.650575,0.280275,-0.362184
context_a,-2.750996,Synthetic row for representation-learning audit; label is generated from a known latent rule.,0,0.016047,-4.116078,201,-2.151408,1.120417,1.278696
context_a,0.104941,Synthetic row for representation-learning audit; label is generated from a known latent rule.,0,0.733659,1.013265,202,0.824674,-0.332288,0.127252
context_b,-0.347363,Synthetic row for representation-learning audit; label is generated from a known latent rule.,1,0.736168,1.026145,203,1.023282,-0.014772,-0.339459
context_a,0.069697,Synthetic row for representation-learning audit; label is generated from a known latent rule.,0,0.671726,0.716001,204,0.164585,-0.826117,0.423474
context_b,0.129919,Synthetic row for representation-learning audit; label is generated from a known latent rule.,0,0.41528,-0.342182,205,-1.415372,-1.062797,-0.091791
context_a,2.252475,Synthetic row for representation-learning audit; label is generated from a known latent rule.,1,0.969016,3.4428,206,1.79606,-1.104184,1.25412
context_b,1.018091,Synthetic row for representation-learning audit; label is generated from a known latent rule.,1,0.487846,-0.048624,207,-1.224259,-0.65183,-0.831598
context_a,-2.43813,Synthetic row for representation-learning audit; label is generated from a known latent rule.,1,0.646804,0.60502,208,1.791674,-0.071554,-1.360811
context_b,-1.093242,Synthetic row for representation-learning audit; label is generated from a known latent rule.,0,0.685129,0.777444,209,1.340277,0.291228,-0.815684
context_b,-0.317085,Synthetic row for representation-learning audit; label is generated from a known latent rule.,0,0.377156,-0.501637,210,-0.141516,0.606441,2.240631
context_b,-0.624622,Synthetic row for representation-learning audit; label is generated from a known latent rule.,0,0.188789,-1.457901,211,-0.756441,0.940288,0.825737
context_a,0.169752,Synthetic row for representation-learning audit; label is generated from a known latent rule.,0,0.261462,-1.038382,212,-0.253048,1.177678,-0.670828
context_a,-0.678793,Synthetic row for representation-learning audit; label is generated from a known latent rule.,1,0.787532,1.310111,213,1.253689,-0.677947,-0.541436
context_a,-0.287904,Synthetic row for representation-learning audit; label is generated from a known latent rule.,0,0.317637,-0.764652,214,-0.865226,-0.338386,0.33275
context_a,1.532146,Synthetic row for representation-learning audit; label is generated from a known latent rule.,0,0.248548,-1.106374,215,-1.367936,0.637571,-1.120042
context_a,-0.399455,Synthetic row for representation-learning audit; label is generated from a known latent rule.,0,0.410581,-0.361564,216,-0.656241,-0.702314,0.608702
context_a,1.137569,Synthetic row for representation-learning audit; label is generated from a known latent rule.,0,0.305583,-0.820853,217,-0.714895,0.862298,-1.591239
context_a,0.577131,Synthetic row for representation-learning audit; label is generated from a known latent rule.,1,0.2633,-1.028887,218,-1.205556,0.13331,-0.478726
context_a,0.01037,Synthetic row for representation-learning audit; label is generated from a known latent rule.,1,0.122973,-1.964577,219,-0.618534,1.902337,-0.016766
context_b,-0.090987,Synthetic row for representation-learning audit; label is generated from a known latent rule.,0,0.403229,-0.392027,220,-0.064698,0.699457,1.406345
context_b,0.414215,Synthetic row for representation-learning audit; label is generated from a known latent rule.,1,0.509377,0.037511,221,-0.452122,-0.115186,-0.916157
context_a,-0.511873,Synthetic row for representation-learning audit; label is generated from a known latent rule.,0,0.169246,-1.590983,222,-0.78274,0.810053,0.65395
context_b,1.786695,Synthetic row for representation-learning audit; label is generated from a known latent rule.,1,0.956856,3.099112,223,1.488292,-0.973175,1.200501
context_b,1.168994,Synthetic row for representation-learning audit; label is generated from a known latent rule.,1,0.517199,0.068822,224,0.581832,1.728523,2.00916
context_b,0.118558,Synthetic row for representation-learning audit; label is generated from a known latent rule.,1,0.715951,0.924463,225,0.105249,-0.815893,1.12645
context_a,0.260991,Synthetic row for representation-learning audit; label is generated from a known latent rule.,0,0.238982,-1.158268,226,-0.59861,0.938622,-0.435995
context_a,-0.151064,Synthetic row for representation-learning audit; label is generated from a known latent rule.,1,0.619942,0.489302,227,0.597889,-0.056123,-0.252663
context_b,-0.185154,Synthetic row for representation-learning audit; label is generated from a known latent rule.,0,0.492607,-0.029573,228,0.190459,0.467414,-0.972142
context_a,-0.123334,Synthetic row for representation-learning audit; label is generated from a known latent rule.,0,0.157428,-1.677491,229,-0.406052,1.694631,0.303739
context_a,0.086711,Synthetic row for representation-learning audit; label is generated from a known latent rule.,0,0.358938,-0.579975,230,-1.015436,-0.565242,-0.085392
context_a,-0.082988,Synthetic row for representation-learning audit; label is generated from a known latent rule.,1,0.496945,-0.012221,231,-0.092846,-0.233325,0.893821
context_a,0.984129,Synthetic row for representation-learning audit; label is generated from a known latent rule.,0,0.273968,-0.974585,232,0.675999,2.870916,1.455814
context_a,0.02755,Synthetic row for representation-learning audit; label is generated from a known latent rule.,1,0.346771,-0.633264,233,-0.116267,0.693154,-0.236956
context_a,-0.153857,Synthetic row for representation-learning audit; label is generated from a known latent rule.,1,0.780004,1.265692,234,0.372438,-1.473016,-0.413108
context_b,0.086173,Synthetic row for representation-learning audit; label is generated from a known latent rule.,1,0.672758,0.720686,235,0.115311,-0.531947,0.747308
context_a,-0.606749,Synthetic row for representation-learning audit; label is generated from a known latent rule.,1,0.789521,1.322041,236,1.024095,-0.960269,-0.592473
context_b,1.187907,Synthetic row for representation-learning audit; label is generated from a known latent rule.,1,0.884054,2.031395,237,1.048305,-0.429924,1.133169
context_b,0.104365,Synthetic row for representation-learning audit; label is generated from a known latent rule.,0,0.214021,-1.300855,238,-0.724474,1.227955,-0.144056
context_b,-3.260462,Synthetic row for representation-learning audit; label is generated from a known latent rule.,1,0.63716,0.563058,239,1.463915,-0.627925,-2.227221
context_b,0.22044,Synthetic row for representation-learning audit; label is generated from a known latent rule.,1,0.886977,2.060227,240,0.370769,-2.012569,0.594549
context_a,0.244772,Synthetic row for representation-learning audit; label is generated from a known latent rule.,1,0.460327,-0.159028,241,0.134494,0.495635,1.819957
context_b,-0.954458,Synthetic row for representation-learning audit; label is generated from a known latent rule.,0,0.493857,-0.024572,242,-0.375387,-0.802218,2.542595
context_b,-1.390573,Synthetic row for representation-learning audit; label is generated from a known latent rule.,0,0.631576,0.538985,243,0.741351,-0.372084,-1.875729
context_a,0.16662,Synthetic row for representation-learning audit; label is generated from a known latent rule.,0,0.228061,-1.219294,244,0.811547,2.878919,0.205312
context_b,-0.602017,Synthetic row for representation-learning audit; label is generated from a known latent rule.,0,0.297486,-0.859296,245,-0.318235,0.694379,1.891741
context_b,0.049982,Synthetic row for representation-learning audit; label is generated from a known latent rule.,0,0.533749,0.135203,246,-0.254732,-0.221009,-0.196213
context_b,0.200623,Synthetic row for representation-learning audit; label is generated from a known latent rule.,0,0.230796,-1.203821,247,-1.518595,0.07348,-0.132111
context_b,-0.749942,Synthetic row for representation-learning audit; label is generated from a known latent rule.,0,0.279769,-0.945606,248,-0.333436,0.701955,2.249134
context_b,0.04288,Synthetic row for representation-learning audit; label is generated from a known latent rule.,1,0.801759,1.397324,249,0.365853,-1.186383,0.117206
context_a,-1.341114,Synthetic row for representation-learning audit; label is generated from a known latent rule.,0,0.374756,-0.511866,250,-1.417769,-2.126451,0.945932
context_b,0.988549,Synthetic row for representation-learning audit; label is generated from a known latent rule.,0,0.18547,-1.479719,251,-1.980823,0.346836,-0.49906
context_a,-0.01764,Synthetic row for representation-learning audit; label is generated from a known latent rule.,1,0.376171,-0.50583,252,0.085224,0.755507,-0.206985
context_a,-1.134612,Synthetic row for representation-learning audit; label is generated from a known latent rule.,0,0.141217,-1.805218,253,0.770508,2.82375,-1.472551
context_a,-0.060251,Synthetic row for representation-learning audit; label is generated from a known latent rule.,0,0.715429,0.9219,254,0.376505,-0.916189,-0.160027
context_a,0.293321,Synthetic row for representation-learning audit; label is generated from a known latent rule.,1,0.499133,-0.003467,255,-1.146395,-1.433734,-0.255864
context_a,-0.403984,Synthetic row for representation-learning audit; label is generated from a known latent rule.,1,0.416631,-0.336618,256,-0.807669,-0.946372,0.500185
context_b,-0.185442,Synthetic row for representation-learning audit; label is generated from a known latent rule.,0,0.268524,-1.002123,257,-0.681252,0.673549,0.272208
context_a,-0.250998,Synthetic row for representation-learning audit; label is generated from a known latent rule.,0,0.615946,0.472378,258,1.222579,0.751605,-0.205302
context_a,-0.113549,Synthetic row for representation-learning audit; label is generated from a known latent rule.,1,0.723362,0.961201,259,-0.210002,-1.80257,0.540703
context_a,-0.288485,Synthetic row for representation-learning audit; label is generated from a known latent rule.,0,0.304359,-0.826624,260,-0.71461,-0.045819,0.403696
context_a,-0.210395,Synthetic row for representation-learning audit; label is generated from a known latent rule.,1,0.35116,-0.613943,261,0.131791,0.849239,-1.596423
context_a,-0.536418,Synthetic row for representation-learning audit; label is generated from a known latent rule.,1,0.333472,-0.692523,262,1.06665,2.020646,-0.5029
context_b,0.285956,Synthetic row for representation-learning audit; label is generated from a known latent rule.,1,0.841898,1.672416,263,1.814399,0.542776,0.157604
context_b,0.685994,Synthetic row for representation-learning audit; label is generated from a known latent rule.,0,0.273045,-0.979227,264,-0.891362,0.915901,-0.769603
context_b,0.274273,Synthetic row for representation-learning audit; label is generated from a known latent rule.,1,0.657413,0.651787,265,1.111528,1.03941,0.246754
context_a,0.267527,Synthetic row for representation-learning audit; label is generated from a known latent rule.,1,0.670066,0.708482,266,0.229324,-0.600339,1.166591
context_b,0.56286,Synthetic row for representation-learning audit; label is generated from a known latent rule.,1,0.562234,0.250232,267,-0.598152,-0.521699,-0.940997
context_a,-0.261407,Synthetic row for representation-learning audit; label is generated from a known latent rule.,0,0.217263,-1.28169,268,-1.984657,-1.101953,0.131714
context_a,-0.111039,Synthetic row for representation-learning audit; label is generated from a known latent rule.,1,0.732652,1.008121,269,-0.089171,-1.704002,1.245234
context_a,-0.415817,Synthetic row for representation-learning audit; label is generated from a known latent rule.,0,0.514796,0.059202,270,1.307101,1.350609,-0.318122
context_b,2.403958,Synthetic row for representation-learning audit; label is generated from a known latent rule.,1,0.92081,2.45341,271,1.278401,0.061217,1.880441
context_a,0.428784,Synthetic row for representation-learning audit; label is generated from a known latent rule.,1,0.754176,1.12101,272,0.877831,-0.205883,0.488459
context_b,-0.722878,Synthetic row for representation-learning audit; label is generated from a known latent rule.,1,0.875871,1.953902,273,2.384689,0.266082,-0.303133
context_a,0.013535,Synthetic row for representation-learning audit; label is generated from a known latent rule.,1,0.87202,1.918939,274,0.111968,-2.652112,0.12088
context_b,0.306444,Synthetic row for representation-learning audit; label is generated from a known latent rule.,0,0.504917,0.019669,275,0.270104,0.821185,1.134541
context_b,-0.062055,Synthetic row for representation-learning audit; label is generated from a known latent rule.,0,0.37092,-0.528271,276,-0.104361,0.858862,0.594615
context_a,0.021035,Synthetic row for representation-learning audit; label is generated from a known latent rule.,1,0.724588,0.967334,277,0.684985,-0.510189,0.030708
context_a,-0.074403,Synthetic row for representation-learning audit; label is generated from a known latent rule.,1,0.881599,2.007663,278,0.416786,-2.42171,-0.178515
context_a,-0.034342,Synthetic row for representation-learning audit; label is generated from a known latent rule.,1,0.480717,-0.077169,279,-0.056926,-0.06052,0.603268
context_a,0.014508,Synthetic row for representation-learning audit; label is generated from a known latent rule.,0,0.341953,-0.654604,280,0.026437,0.908925,0.548763
context_b,0.206429,Synthetic row for representation-learning audit; label is generated from a known latent rule.,1,0.500822,0.003289,281,0.582808,1.204675,0.354197
context_b,-0.086932,Synthetic row for representation-learning audit; label is generated from a known latent rule.,0,0.25061,-1.095362,282,-0.212219,1.50662,0.409632
context_a,0.639332,Synthetic row for representation-learning audit; label is generated from a known latent rule.,1,0.816459,1.492535,283,0.708156,-0.831553,0.902813
context_a,-0.081761,Synthetic row for representation-learning audit; label is generated from a known latent rule.,0,0.703057,0.861898,284,0.116145,-1.197647,-0.703954
context_b,0.795555,Synthetic row for representation-learning audit; label is generated from a known latent rule.,0,0.850829,1.741122,285,1.86696,0.843557,0.426123
context_a,-0.456626,Synthetic row for representation-learning audit; label is generated from a known latent rule.,1,0.711285,0.901635,286,1.08173,-0.184961,-0.422125
context_b,-0.672045,Synthetic row for representation-learning audit; label is generated from a known latent rule.,0,0.628653,0.526442,287,0.379929,-0.382756,-1.76887
context_b,0.218803,Synthetic row for representation-learning audit; label is generated from a known latent rule.,0,0.093899,-2.266933,288,-1.030297,2.266589,-0.212369
context_a,-0.117737,Synthetic row for representation-learning audit; label is generated from a known latent rule.,0,0.277295,-0.957919,289,-0.41894,0.652777,0.281036
context_a,0.079741,Synthetic row for representation-learning audit; label is generated from a known latent rule.,0,0.419593,-0.324445,290,-0.19339,0.180869,-0.412332
context_a,-1.508347,Synthetic row for representation-learning audit; label is generated from a known latent rule.,0,0.036107,-3.284504,291,-2.939113,-0.337728,0.513198
context_a,-0.51851,Synthetic row for representation-learning audit; label is generated from a known latent rule.,0,0.129873,-1.902083,292,-1.21659,0.661418,0.426199
context_b,-0.255163,Synthetic row for representation-learning audit; label is generated from a known latent rule.,0,0.615712,0.471387,293,-0.612403,-1.382848,0.416658
context_a,0.6693,Synthetic row for representation-learning audit; label is generated from a known latent rule.,1,0.874698,1.943152,294,0.666138,-1.513052,1.004747
context_a,-3.117561,Synthetic row for representation-learning audit; label is generated from a known latent rule.,0,0.441335,-0.235746,295,1.449371,0.228209,-2.150975
context_b,0.953036,Synthetic row for representation-learning audit; label is generated from a known latent rule.,1,0.265455,-1.017806,296,-1.819499,-0.116931,-0.52379
context_a,0.36593,Synthetic row for representation-learning audit; label is generated from a known latent rule.,1,0.510762,0.043057,297,0.934063,1.369959,0.391762
context_b,-0.108545,Synthetic row for representation-learning audit; label is generated from a known latent rule.,0,0.346302,-0.635336,298,0.450238,1.734596,-0.241084
context_a,-0.325772,Synthetic row for representation-learning audit; label is generated from a known latent rule.,0,0.478421,-0.08637,299,-0.094295,-0.285439,3.454804
context_a,-0.917188,Synthetic row for representation-learning audit; label is generated from a known latent rule.,1,0.832012,1.599951,300,1.373337,-1.08288,-0.667854
context_a,0.708589,Synthetic row for representation-learning audit; label is generated from a known latent rule.,1,0.674672,0.729393,301,1.59529,1.507139,0.444176
context_b,0.082812,Synthetic row for representation-learning audit; label is generated from a known latent rule.,0,0.652367,0.62946,302,0.158506,-0.345163,0.522455
context_b,-2.504941,Synthetic row for representation-learning audit; label is generated from a known latent rule.,0,0.024254,-3.694636,303,-2.228031,0.92969,1.124285
context_a,0.045676,Synthetic row for representation-learning audit; label is generated from a known latent rule.,0,0.327311,-0.720373,304,-0.089694,0.86531,-0.50924
context_a,-0.639481,Synthetic row for representation-learning audit; label is generated from a known latent rule.,1,0.605094,0.426737,305,1.623102,1.110633,-0.393987
context_a,0.080669,Synthetic row for representation-learning audit; label is generated from a known latent rule.,1,0.595878,0.388318,306,0.275748,-0.20008,0.292548
context_b,0.022872,Synthetic row for representation-learning audit; label is generated from a known latent rule.,1,0.43478,-0.262374,307,0.232926,0.991351,0.098195
context_a,-0.681642,Synthetic row for representation-learning audit; label is generated from a known latent rule.,0,0.170604,-1.581351,308,-1.313484,-0.03314,0.518958
context_b,-0.677555,Synthetic row for representation-learning audit; label is generated from a known latent rule.,1,0.266448,-1.01272,309,-0.366862,0.799003,1.846894
context_a,-2.259605,Synthetic row for representation-learning audit; label is generated from a known latent rule.,1,0.485546,-0.057831,310,0.809274,-0.343115,-2.792137
context_b,1.212927,Synthetic row for representation-learning audit; label is generated from a known latent rule.,1,0.89051,2.095958,311,0.845533,-0.781263,1.434513
context_b,-0.089672,Synthetic row for representation-learning audit; label is generated from a known latent rule.,0,0.613864,0.463586,312,0.686554,0.497555,-0.130611
context_a,0.169821,Synthetic row for representation-learning audit; label is generated from a known latent rule.,0,0.320367,-0.752087,313,0.208037,1.394488,0.816301
context_a,-0.141665,Synthetic row for representation-learning audit; label is generated from a known latent rule.,0,0.71875,0.93827,314,0.401219,-0.958372,-0.353085
context_b,0.070272,Synthetic row for representation-learning audit; label is generated from a known latent rule.,0,0.375854,-0.507184,315,-0.317284,0.624838,-0.22148
context_a,0.139763,Synthetic row for representation-learning audit; label is generated from a known latent rule.,1,0.448708,-0.205893,316,0.190583,0.571201,0.733343
context_a,-0.043728,Synthetic row for representation-learning audit; label is generated from a known latent rule.,1,0.465916,-0.13655,317,0.521541,0.803337,-0.083845
context_b,0.62142,Synthetic row for representation-learning audit; label is generated from a known latent rule.,0,0.698744,0.841323,318,-0.410802,-1.074208,-1.512698
context_a,-0.107575,Synthetic row for representation-learning audit; label is generated from a known latent rule.,0,0.218366,-1.275214,319,-0.313193,1.256103,0.343478
context_a,0.150786,Synthetic row for representation-learning audit; label is generated from a known latent rule.,0,0.413107,-0.351136,320,-0.409933,-0.02921,-0.367831
context_a,-0.10275,Synthetic row for representation-learning audit; label is generated from a known latent rule.,0,0.764929,1.179894,321,-0.243224,-2.153135,0.422452
context_a,-0.093049,Synthetic row for representation-learning audit; label is generated from a known latent rule.,1,0.796473,1.364394,322,0.454115,-1.464081,-0.204903
context_a,-1.394597,Synthetic row for representation-learning audit; label is generated from a known latent rule.,1,0.803246,1.406709,323,1.425823,-1.042493,-0.9781
context_b,0.129738,Synthetic row for representation-learning audit; label is generated from a known latent rule.,1,0.649578,0.617185,324,0.22484,-0.207436,0.577025
context_a,0.043092,Synthetic row for representation-learning audit; label is generated from a known latent rule.,0,0.164943,-1.621903,325,-0.684925,1.343737,-0.062915
context_b,1.124177,Synthetic row for representation-learning audit; label is generated from a known latent rule.,0,0.78791,1.312373,326,1.679226,1.41253,0.669461
context_a,0.03658,Synthetic row for representation-learning audit; label is generated from a known latent rule.,1,0.447041,-0.212632,327,-0.804888,-0.836501,-0.045447
context_a,-2.78869,Synthetic row for representation-learning audit; label is generated from a known latent rule.,1,0.327204,-0.72086,328,1.41453,1.085362,-1.97146
context_a,-0.108413,Synthetic row for representation-learning audit; label is generated from a known latent rule.,0,0.269531,-0.997002,329,0.225606,1.589345,-0.480542
context_a,0.036264,Synthetic row for representation-learning audit; label is generated from a known latent rule.,0,0.295638,-0.868157,330,-0.775708,0.139363,-0.046749
context_b,-0.0214,Synthetic row for representation-learning audit; label is generated from a known latent rule.,0,0.410047,-0.363773,331,-0.066131,0.701884,0.323596
context_a,1.162872,Synthetic row for representation-learning audit; label is generated from a known latent rule.,1,0.741355,1.053023,332,1.0717,0.626264,1.085072
context_a,1.003687,Synthetic row for representation-learning audit; label is generated from a known latent rule.,0,0.495826,-0.016697,333,-1.608942,-1.585913,-0.623818
context_a,-0.126503,Synthetic row for representation-learning audit; label is generated from a known latent rule.,1,0.560335,0.24252,334,0.445616,0.105555,-0.283884
context_b,-0.456542,Synthetic row for representation-learning audit; label is generated from a known latent rule.,0,0.219676,-1.267555,335,-0.48284,1.147732,0.945535
context_a,0.165843,Synthetic row for representation-learning audit; label is generated from a known latent rule.,0,0.133073,-1.874059,336,-2.027944,-0.039797,-0.081779
context_a,-0.624956,Synthetic row for representation-learning audit; label is generated from a known latent rule.,1,0.674598,0.729053,337,0.876148,-0.325632,-0.713299
context_b,0.601397,Synthetic row for representation-learning audit; label is generated from a known latent rule.,1,0.60787,0.438366,338,0.458706,0.66862,1.311072
context_a,-0.324499,Synthetic row for representation-learning audit; label is generated from a known latent rule.,0,0.425891,-0.298637,339,0.300939,0.555005,-1.078291
context_b,-1.320514,Synthetic row for representation-learning audit; label is generated from a known latent rule.,0,0.272867,-0.980124,340,-0.599174,0.023825,2.20389
context_a,-0.214085,Synthetic row for representation-learning audit; label is generated from a known latent rule.,0,0.478823,-0.084758,341,0.174482,0.148827,-1.22697
context_b,-0.175023,Synthetic row for representation-learning audit; label is generated from a known latent rule.,1,0.17172,-1.573489,342,-0.565454,1.653639,0.309526
context_b,1.529243,Synthetic row for representation-learning audit; label is generated from a known latent rule.,0,0.873092,1.928582,343,1.162376,0.091193,1.315618
context_a,-0.546633,Synthetic row for representation-learning audit; label is generated from a known latent rule.,1,0.203194,-1.36645,344,-0.499358,0.851536,1.094672
context_b,0.269323,Synthetic row for representation-learning audit; label is generated from a known latent rule.,1,0.447282,-0.211658,345,-0.556425,0.00607,-0.484024
context_a,-0.556422,Synthetic row for representation-learning audit; label is generated from a known latent rule.,0,0.147897,-1.75119,346,-1.554482,-0.037082,0.357947
context_a,0.129634,Synthetic row for representation-learning audit; label is generated from a known latent rule.,0,0.109911,-2.091648,347,-1.607201,0.818775,-0.080658
context_b,0.102176,Synthetic row for representation-learning audit; label is generated from a known latent rule.,1,0.825785,1.556044,348,0.596319,-1.062232,0.171344
context_b,1.536848,Synthetic row for representation-learning audit; label is generated from a known latent rule.,1,0.784535,1.292294,349,0.809308,0.5259,1.898965
context_b,-0.350036,Synthetic row for representation-learning audit; label is generated from a known latent rule.,1,0.661355,0.66934,350,-0.556594,-1.650886,0.628889
context_b,0.359722,Synthetic row for representation-learning audit; label is generated from a known latent rule.,1,0.615277,0.469547,351,0.622319,0.690759,0.578034
context_a,0.639744,Synthetic row for representation-learning audit; label is generated from a known latent rule.,1,0.762375,1.165745,352,1.087899,0.15092,0.588055
context_a,1.913006,Synthetic row for representation-learning audit; label is generated from a known latent rule.,0,0.397899,-0.414229,353,-0.82491,0.630595,-2.319047
context_b,-0.937515,Synthetic row for representation-learning audit; label is generated from a known latent rule.,0,0.153265,-1.709218,354,-1.476462,0.120997,0.634974
context_a,1.453524,Synthetic row for representation-learning audit; label is generated from a known latent rule.,0,0.408234,-0.371269,355,-1.512108,-0.658783,-0.961257
context_b,0.080423,Synthetic row for representation-learning audit; label is generated from a known latent rule.,1,0.37467,-0.512234,356,0.067525,1.160819,1.191004
context_a,0.228999,Synthetic row for representation-learning audit; label is generated from a known latent rule.,0,0.444822,-0.221615,357,0.487964,1.054614,0.469294
context_b,0.364926,Synthetic row for representation-learning audit; label is generated from a known latent rule.,1,0.74473,1.070702,358,0.86772,0.168355,0.420557
context_b,-0.222023,Synthetic row for representation-learning audit; label is generated from a known latent rule.,1,0.264502,-1.022697,359,-0.48869,0.940759,0.454322
context_a,-0.071292,Synthetic row for representation-learning audit; label is generated from a known latent rule.,0,0.052593,-2.891139,360,-1.501634,1.975008,0.047476
context_a,1.661065,Synthetic row for representation-learning audit; label is generated from a known latent rule.,1,0.834416,1.617256,361,0.78327,-0.250958,2.120681
context_b,-0.269504,Synthetic row for representation-learning audit; label is generated from a known latent rule.,0,0.706822,0.879998,362,0.441865,-0.545004,-0.609924
context_b,-0.288792,Synthetic row for representation-learning audit; label is generated from a known latent rule.,1,0.771853,1.218805,363,1.391192,0.246958,-0.207586
context_b,0.073376,Synthetic row for representation-learning audit; label is generated from a known latent rule.,1,0.285284,-0.9184,364,-0.859309,0.478679,-0.085389
context_b,-0.015762,Synthetic row for representation-learning audit; label is generated from a known latent rule.,0,0.753831,1.11915,365,0.211288,-1.036457,-0.074598
context_b,-1.099501,Synthetic row for representation-learning audit; label is generated from a known latent rule.,1,0.616996,0.476817,366,1.513168,0.95131,-0.726622
context_b,0.779104,Synthetic row for representation-learning audit; label is generated from a known latent rule.,1,0.917091,2.403461,367,0.825034,-1.52726,0.944329
context_b,-0.223778,Synthetic row for representation-learning audit; label is generated from a known latent rule.,0,0.236191,-1.173679,368,-0.448245,1.210209,0.499231
context_a,-0.45196,Synthetic row for representation-learning audit; label is generated from a known latent rule.,1,0.700279,0.848629,369,-0.567545,-2.34454,0.796342
context_b,-0.295009,Synthetic row for representation-learning audit; label is generated from a known latent rule.,1,0.563832,0.256729,370,-0.322333,-0.708142,0.91523
context_a,-0.487924,Synthetic row for representation-learning audit; label is generated from a known latent rule.,0,0.416709,-0.336298,371,-0.361867,-0.395774,1.348353
context_b,-1.224871,Synthetic row for representation-learning audit; label is generated from a known latent rule.,0,0.568926,0.277469,372,0.625007,-0.049863,-1.95977
context_b,-2.045928,Synthetic row for representation-learning audit; label is generated from a known latent rule.,1,0.808611,1.441008,373,1.816796,-0.622457,-1.126119
context_a,-0.487829,Synthetic row for representation-learning audit; label is generated from a known latent rule.,1,0.396732,-0.419101,374,-0.366577,-0.283814,1.330767
context_a,0.10438,Synthetic row for representation-learning audit; label is generated from a known latent rule.,0,0.336819,-0.677504,375,-0.213478,0.673814,-0.488947
context_b,-0.148197,Synthetic row for representation-learning audit; label is generated from a known latent rule.,1,0.559358,0.238557,376,-0.49632,-0.823929,0.298592
context_a,-0.785052,Synthetic row for representation-learning audit; label is generated from a known latent rule.,0,0.049077,-2.964037,377,-1.116764,2.142626,0.702971
context_b,0.082711,Synthetic row for representation-learning audit; label is generated from a known latent rule.,1,0.533477,0.134108,378,0.862417,1.317727,0.095906
context_a,0.096427,Synthetic row for representation-learning audit; label is generated from a known latent rule.,0,0.637041,0.562543,379,-0.104177,-0.954455,-0.92561
context_a,-0.087136,Synthetic row for representation-learning audit; label is generated from a known latent rule.,1,0.350732,-0.615822,380,-0.128366,0.57809,0.678804
context_b,-0.151257,Synthetic row for representation-learning audit; label is generated from a known latent rule.,1,0.613119,0.460444,381,0.05603,-0.393258,-2.699553
context_a,0.282793,Synthetic row for representation-learning audit; label is generated from a known latent rule.,1,0.543194,0.173209,382,-0.354701,-0.618454,-0.797272
context_b,0.118254,Synthetic row for representation-learning audit; label is generated from a known latent rule.,0,0.283679,-0.926287,383,-0.663286,0.784828,-0.178285
context_a,0.071662,Synthetic row for representation-learning audit; label is generated from a known latent rule.,1,0.44905,-0.20451,384,-0.557993,-0.490479,-0.128428
context_a,2.35654,Synthetic row for representation-learning audit; label is generated from a known latent rule.,1,0.85103,1.742706,385,1.228184,0.620731,1.91872
context_a,-1.300041,Synthetic row for representation-learning audit; label is generated from a known latent rule.,0,0.159629,-1.660994,386,-1.200295,-0.163293,1.083101
context_a,-0.260701,Synthetic row for representation-learning audit; label is generated from a known latent rule.,1,0.709844,0.894629,387,0.244476,-1.185273,-1.066363
context_a,-1.084943,Synthetic row for representation-learning audit; label is generated from a known latent rule.,1,0.463222,-0.14738,388,0.732796,0.436159,-1.480553
context_a,-1.440978,Synthetic row for representation-learning audit; label is generated from a known latent rule.,0,0.594774,0.383738,389,1.707618,0.771513,-0.843853
context_a,-0.751051,Synthetic row for representation-learning audit; label is generated from a known latent rule.,1,0.349325,-0.622006,390,-1.181022,-1.268482,0.635933
context_a,-1.087328,Synthetic row for representation-learning audit; label is generated from a known latent rule.,1,0.534374,0.137712,391,0.638225,-0.100993,-1.703674
context_a,-0.94995,Synthetic row for representation-learning audit; label is generated from a known latent rule.,0,0.391196,-0.442289,392,-0.984018,-1.385722,0.965378
context_a,-0.375102,Synthetic row for representation-learning audit; label is generated from a known latent rule.,0,0.702963,0.86145,393,0.827463,-0.420222,-0.453315
context_a,0.180402,Synthetic row for representation-learning audit; label is generated from a known latent rule.,1,0.582799,0.334275,394,0.185222,-0.181619,0.973982
context_b,0.998351,Synthetic row for representation-learning audit; label is generated from a known latent rule.,1,0.66752,0.696989,395,1.694258,2.231163,0.589256
context_b,-0.522388,Synthetic row for representation-learning audit; label is generated from a known latent rule.,1,0.158433,-1.669932,396,-0.251205,1.994589,2.079533
context_b,-0.63149,Synthetic row for representation-learning audit; label is generated from a known latent rule.,1,0.464466,-0.142377,397,0.527034,0.798413,-1.198195
context_a,-0.539833,Synthetic row for representation-learning audit; label is generated from a known latent rule.,0,0.101604,-2.179526,398,-1.202369,1.063359,0.448974
context_a,-0.050346,Synthetic row for representation-learning audit; label is generated from a known latent rule.,0,0.265693,-1.016588,399,-0.030077,1.307656,1.673933
context_a,0.223504,Synthetic row for representation-learning audit; label is generated from a known latent rule.,1,0.754128,1.120753,400,-0.407418,-2.081747,-0.548586
context_a,0.231637,Synthetic row for representation-learning audit; label is generated from a known latent rule.,0,0.4689,-0.124562,401,-0.128999,0.080356,-1.795645
context_b,-1.576412,Synthetic row for representation-learning audit; label is generated from a known latent rule.,0,0.574777,0.301366,402,1.862522,1.369491,-0.846386
context_a,0.128151,Synthetic row for representation-learning audit; label is generated from a known latent rule.,1,0.654343,0.638186,403,-0.434196,-1.490005,-0.295146
context_b,0.059557,Synthetic row for representation-learning audit; label is generated from a known latent rule.,1,0.632589,0.543342,404,0.184849,-0.201336,0.32219
context_a,-0.403249,Synthetic row for representation-learning audit; label is generated from a known latent rule.,0,0.195856,-1.4124,405,-0.402972,1.140163,1.000689
context_b,0.201122,Synthetic row for representation-learning audit; label is generated from a known latent rule.,1,0.767089,1.191944,406,0.452004,-0.674337,0.444957
context_a,0.099344,Synthetic row for representation-learning audit; label is generated from a known latent rule.,0,0.556978,0.228908,407,0.382394,0.184388,0.259794
context_a,0.032729,Synthetic row for representation-learning audit; label is generated from a known latent rule.,1,0.643225,0.589388,408,0.478625,-0.242809,0.068382
context_a,-1.077556,Synthetic row for representation-learning audit; label is generated from a known latent rule.,0,0.153638,-1.706346,409,-1.18714,0.062375,0.90769
context_b,-0.00518,Synthetic row for representation-learning audit; label is generated from a known latent rule.,1,0.472138,-0.111565,410,-0.020447,0.414014,0.253357
context_b,-0.619192,Synthetic row for representation-learning audit; label is generated from a known latent rule.,1,0.659786,0.66234,411,0.493152,-0.389259,-1.255578
context_b,-0.874062,Synthetic row for representation-learning audit; label is generated from a known latent rule.,1,0.608918,0.442767,412,-1.056053,-2.341923,0.827669
context_a,-0.044058,Synthetic row for representation-learning audit; label is generated from a known latent rule.,1,0.905318,2.257757,413,0.321846,-2.888328,-0.136891
context_a,1.188178,Synthetic row for representation-learning audit; label is generated from a known latent rule.,1,0.740823,1.050249,414,0.866706,0.368288,1.370913
context_a,0.50012,Synthetic row for representation-learning audit; label is generated from a known latent rule.,0,0.157903,-1.673913,415,-1.784827,0.219117,-0.280207
context_a,-0.541673,Synthetic row for representation-learning audit; label is generated from a known latent rule.,0,0.226412,-1.228684,416,-0.807627,0.239551,0.670697
context_b,-3.977517,Synthetic row for representation-learning audit; label is generated from a known latent rule.,0,0.006876,-4.972834,417,-1.999038,2.119808,1.989716
context_a,-0.312319,Synthetic row for representation-learning audit; label is generated from a known latent rule.,0,0.224137,-1.241719,418,-0.765062,0.463382,0.408227
context_b,0.005282,Synthetic row for representation-learning audit; label is generated from a known latent rule.,1,0.597126,0.393503,419,0.109302,-0.1247,0.048326
context_b,-0.030073,Synthetic row for representation-learning audit; label is generated from a known latent rule.,0,0.740739,1.049812,420,0.280052,-0.85328,-0.107385
