access_constraint,baseline_score,case_id,decision,decision_score,document_quality,interpretation,prior_flag,risk_adjustment,threshold,timeliness
1.0,0.044047,1,unfavorable,0.371752,0.377914,"Synthetic decision record for testing counterfactual reasoning, recourse, and feasibility review.",0.0,0.572776,0.62,0.553624
0.0,0.627206,2,favorable,0.72339,0.440909,"Synthetic decision record for testing counterfactual reasoning, recourse, and feasibility review.",0.0,0.291213,0.62,0.578293
0.0,0.595702,3,favorable,0.879394,0.907506,"Synthetic decision record for testing counterfactual reasoning, recourse, and feasibility review.",0.0,0.748508,0.62,0.902808
0.0,0.472454,4,favorable,0.722042,0.397955,"Synthetic decision record for testing counterfactual reasoning, recourse, and feasibility review.",0.0,0.665251,0.62,0.657652
0.0,0.824091,5,favorable,0.701033,0.006233,"Synthetic decision record for testing counterfactual reasoning, recourse, and feasibility review.",0.0,0.576973,0.62,0.540596
0.0,0.527931,6,favorable,0.826555,0.844918,"Synthetic decision record for testing counterfactual reasoning, recourse, and feasibility review.",0.0,0.377905,0.62,0.842699
0.0,0.458345,7,review,0.562872,0.479871,"Synthetic decision record for testing counterfactual reasoning, recourse, and feasibility review.",1.0,0.561611,0.62,0.441869
0.0,0.739141,8,favorable,0.838163,0.81681,"Synthetic decision record for testing counterfactual reasoning, recourse, and feasibility review.",0.0,0.357269,0.62,0.62025
0.0,0.569802,9,favorable,0.840316,0.844572,"Synthetic decision record for testing counterfactual reasoning, recourse, and feasibility review.",0.0,0.475273,0.62,0.824348
0.0,0.515078,10,favorable,0.738237,0.744901,"Synthetic decision record for testing counterfactual reasoning, recourse, and feasibility review.",1.0,0.567065,0.62,0.917743
0.0,0.354165,11,review,0.526676,0.49443,"Synthetic decision record for testing counterfactual reasoning, recourse, and feasibility review.",1.0,0.488355,0.62,0.476695
0.0,0.38477,12,favorable,0.78143,0.692815,"Synthetic decision record for testing counterfactual reasoning, recourse, and feasibility review.",0.0,0.335863,0.62,1.0
0.0,0.505435,13,favorable,0.732915,0.515405,"Synthetic decision record for testing counterfactual reasoning, recourse, and feasibility review.",0.0,0.370814,0.62,0.692688
0.0,0.442785,14,favorable,0.76886,0.705646,"Synthetic decision record for testing counterfactual reasoning, recourse, and feasibility review.",0.0,0.585502,0.62,0.613807
0.0,0.368519,15,favorable,0.670603,0.693669,"Synthetic decision record for testing counterfactual reasoning, recourse, and feasibility review.",0.0,0.560609,0.62,0.169777
1.0,0.064123,16,unfavorable,0.343074,0.382595,"Synthetic decision record for testing counterfactual reasoning, recourse, and feasibility review.",0.0,0.315408,0.62,0.531006
0.0,0.416751,17,favorable,0.855149,1.0,"Synthetic decision record for testing counterfactual reasoning, recourse, and feasibility review.",0.0,0.683448,0.62,0.869233
0.0,0.133646,18,favorable,0.738458,0.74939,"Synthetic decision record for testing counterfactual reasoning, recourse, and feasibility review.",0.0,0.450549,0.62,0.996391
0.0,0.478162,19,favorable,0.757446,0.858137,"Synthetic decision record for testing counterfactual reasoning, recourse, and feasibility review.",1.0,0.639323,0.62,0.892502
0.0,0.583709,20,favorable,0.71429,0.658699,"Synthetic decision record for testing counterfactual reasoning, recourse, and feasibility review.",0.0,0.378248,0.62,0.21432
1.0,0.403407,21,unfavorable,0.511964,0.691082,"Synthetic decision record for testing counterfactual reasoning, recourse, and feasibility review.",0.0,0.139924,0.62,0.445834
0.0,0.667938,22,favorable,0.788913,0.795774,"Synthetic decision record for testing counterfactual reasoning, recourse, and feasibility review.",0.0,0.430133,0.62,0.322967
0.0,0.562127,23,favorable,0.792776,0.560986,"Synthetic decision record for testing counterfactual reasoning, recourse, and feasibility review.",0.0,0.766193,0.62,0.665083
0.0,0.504428,24,favorable,0.699593,0.6482,"Synthetic decision record for testing counterfactual reasoning, recourse, and feasibility review.",0.0,0.224218,0.62,0.390974
0.0,0.51606,25,favorable,0.803456,0.825751,"Synthetic decision record for testing counterfactual reasoning, recourse, and feasibility review.",0.0,0.370473,0.62,0.706361
1.0,0.61582,26,review,0.542398,0.694438,"Synthetic decision record for testing counterfactual reasoning, recourse, and feasibility review.",1.0,0.548443,0.62,0.615115
0.0,0.792301,27,favorable,0.848432,0.713937,"Synthetic decision record for testing counterfactual reasoning, recourse, and feasibility review.",0.0,0.699432,0.62,0.540131
0.0,0.722347,28,favorable,0.706051,0.598104,"Synthetic decision record for testing counterfactual reasoning, recourse, and feasibility review.",1.0,0.425193,0.62,0.659124
0.0,0.454402,29,favorable,0.789627,0.853558,"Synthetic decision record for testing counterfactual reasoning, recourse, and feasibility review.",0.0,0.490733,0.62,0.587029
0.0,0.548234,30,review,0.581101,0.628878,"Synthetic decision record for testing counterfactual reasoning, recourse, and feasibility review.",1.0,0.409944,0.62,0.252793
0.0,0.68683,31,favorable,0.864215,0.931387,"Synthetic decision record for testing counterfactual reasoning, recourse, and feasibility review.",0.0,0.510249,0.62,0.695675
0.0,0.131662,32,favorable,0.701832,0.565514,"Synthetic decision record for testing counterfactual reasoning, recourse, and feasibility review.",0.0,0.77415,0.62,0.82591
0.0,0.517499,33,favorable,0.786379,0.689198,"Synthetic decision record for testing counterfactual reasoning, recourse, and feasibility review.",0.0,0.690029,0.62,0.557882
1.0,0.435253,34,unfavorable,0.418479,0.260274,"Synthetic decision record for testing counterfactual reasoning, recourse, and feasibility review.",0.0,0.57216,0.62,0.266058
0.0,0.592742,35,review,0.591748,0.351648,"Synthetic decision record for testing counterfactual reasoning, recourse, and feasibility review.",1.0,0.215211,0.62,0.776718
1.0,0.587472,36,unfavorable,0.474127,0.279617,"Synthetic decision record for testing counterfactual reasoning, recourse, and feasibility review.",0.0,0.711637,0.62,0.147048
0.0,0.742701,37,favorable,0.852861,0.633799,"Synthetic decision record for testing counterfactual reasoning, recourse, and feasibility review.",0.0,0.745577,0.62,0.762091
0.0,0.800415,38,favorable,0.842343,0.861671,"Synthetic decision record for testing counterfactual reasoning, recourse, and feasibility review.",0.0,0.508838,0.62,0.376623
1.0,0.373979,39,review,0.581681,0.665208,"Synthetic decision record for testing counterfactual reasoning, recourse, and feasibility review.",0.0,0.61191,0.62,0.565761
0.0,0.378591,40,unfavorable,0.503978,0.359475,"Synthetic decision record for testing counterfactual reasoning, recourse, and feasibility review.",1.0,0.376907,0.62,0.597861
0.0,0.522531,41,favorable,0.843498,0.990485,"Synthetic decision record for testing counterfactual reasoning, recourse, and feasibility review.",0.0,0.686728,0.62,0.575672
1.0,0.0,42,unfavorable,0.250725,0.602746,"Synthetic decision record for testing counterfactual reasoning, recourse, and feasibility review.",1.0,0.276781,0.62,0.474657
1.0,0.411271,43,unfavorable,0.314285,0.454396,"Synthetic decision record for testing counterfactual reasoning, recourse, and feasibility review.",1.0,0.288212,0.62,0.337131
0.0,0.625744,44,favorable,0.709426,0.42077,"Synthetic decision record for testing counterfactual reasoning, recourse, and feasibility review.",0.0,0.379919,0.62,0.46424
0.0,0.622982,45,favorable,0.872012,0.858264,"Synthetic decision record for testing counterfactual reasoning, recourse, and feasibility review.",0.0,0.519315,0.62,1.0
0.0,0.409392,46,review,0.610786,0.269919,"Synthetic decision record for testing counterfactual reasoning, recourse, and feasibility review.",0.0,0.789975,0.62,0.248263
0.0,0.543678,47,favorable,0.764891,0.669616,"Synthetic decision record for testing counterfactual reasoning, recourse, and feasibility review.",0.0,0.429804,0.62,0.564275
0.0,0.801175,48,favorable,0.878373,0.893954,"Synthetic decision record for testing counterfactual reasoning, recourse, and feasibility review.",0.0,0.89384,0.62,0.438819
0.0,0.31291,49,favorable,0.734766,0.523864,"Synthetic decision record for testing counterfactual reasoning, recourse, and feasibility review.",0.0,0.675744,0.62,0.831154
1.0,0.161839,50,unfavorable,0.309065,0.622642,"Synthetic decision record for testing counterfactual reasoning, recourse, and feasibility review.",1.0,0.424086,0.62,0.413027
0.0,0.480632,51,favorable,0.770087,0.736665,"Synthetic decision record for testing counterfactual reasoning, recourse, and feasibility review.",0.0,0.601726,0.62,0.496174
1.0,0.178201,52,unfavorable,0.273277,0.060616,"Synthetic decision record for testing counterfactual reasoning, recourse, and feasibility review.",0.0,0.370664,0.62,0.358682
1.0,0.463364,53,unfavorable,0.351469,0.467533,"Synthetic decision record for testing counterfactual reasoning, recourse, and feasibility review.",1.0,0.502934,0.62,0.28485
0.0,0.293572,54,review,0.593353,0.438231,"Synthetic decision record for testing counterfactual reasoning, recourse, and feasibility review.",0.0,0.453573,0.62,0.346028
0.0,0.55566,55,favorable,0.821345,0.909266,"Synthetic decision record for testing counterfactual reasoning, recourse, and feasibility review.",0.0,0.415773,0.62,0.624977
0.0,0.701081,56,favorable,0.75514,0.6423,"Synthetic decision record for testing counterfactual reasoning, recourse, and feasibility review.",1.0,0.46519,0.62,0.916291
0.0,0.730918,57,favorable,0.849305,0.571971,"Synthetic decision record for testing counterfactual reasoning, recourse, and feasibility review.",0.0,0.514477,0.62,1.0
1.0,0.333049,58,unfavorable,0.480338,0.533588,"Synthetic decision record for testing counterfactual reasoning, recourse, and feasibility review.",0.0,0.709625,0.62,0.259738
0.0,0.637028,59,favorable,0.7941,0.433374,"Synthetic decision record for testing counterfactual reasoning, recourse, and feasibility review.",0.0,0.771807,0.62,0.72698
1.0,0.714143,60,review,0.587863,0.370308,"Synthetic decision record for testing counterfactual reasoning, recourse, and feasibility review.",0.0,0.35706,0.62,0.598598
0.0,0.730089,61,favorable,0.835444,0.760765,"Synthetic decision record for testing counterfactual reasoning, recourse, and feasibility review.",0.0,0.486446,0.62,0.607027
0.0,0.705107,62,favorable,0.829551,0.685001,"Synthetic decision record for testing counterfactual reasoning, recourse, and feasibility review.",0.0,0.39845,0.62,0.773618
0.0,0.241712,63,favorable,0.715107,0.939525,"Synthetic decision record for testing counterfactual reasoning, recourse, and feasibility review.",0.0,0.500234,0.62,0.334096
1.0,0.651131,64,favorable,0.632158,0.614777,"Synthetic decision record for testing counterfactual reasoning, recourse, and feasibility review.",0.0,0.672882,0.62,0.361912
1.0,0.424833,65,unfavorable,0.481264,0.338309,"Synthetic decision record for testing counterfactual reasoning, recourse, and feasibility review.",0.0,0.734987,0.62,0.373499
0.0,0.692127,66,favorable,0.88822,0.945776,"Synthetic decision record for testing counterfactual reasoning, recourse, and feasibility review.",0.0,0.582169,0.62,0.89247
0.0,0.727671,67,favorable,0.803387,0.313888,"Synthetic decision record for testing counterfactual reasoning, recourse, and feasibility review.",0.0,0.501473,0.62,1.0
1.0,0.495869,68,favorable,0.664952,0.652074,"Synthetic decision record for testing counterfactual reasoning, recourse, and feasibility review.",0.0,0.836147,0.62,0.655078
0.0,0.572942,69,favorable,0.779547,0.648381,"Synthetic decision record for testing counterfactual reasoning, recourse, and feasibility review.",0.0,0.665978,0.62,0.484899
1.0,0.247867,70,unfavorable,0.316271,0.365099,"Synthetic decision record for testing counterfactual reasoning, recourse, and feasibility review.",1.0,0.447489,0.62,0.669242
0.0,0.396941,71,favorable,0.747507,0.809021,"Synthetic decision record for testing counterfactual reasoning, recourse, and feasibility review.",0.0,0.421372,0.62,0.509018
0.0,0.164299,72,unfavorable,0.466663,0.576277,"Synthetic decision record for testing counterfactual reasoning, recourse, and feasibility review.",1.0,0.295067,0.62,0.5305
0.0,0.514011,73,review,0.602607,0.575485,"Synthetic decision record for testing counterfactual reasoning, recourse, and feasibility review.",1.0,0.49591,0.62,0.447117
0.0,0.482909,74,favorable,0.802211,0.838836,"Synthetic decision record for testing counterfactual reasoning, recourse, and feasibility review.",0.0,0.852127,0.62,0.405852
0.0,0.487922,75,favorable,0.77589,0.713015,"Synthetic decision record for testing counterfactual reasoning, recourse, and feasibility review.",0.0,0.44296,0.62,0.668925
0.0,0.622788,76,favorable,0.760838,0.482482,"Synthetic decision record for testing counterfactual reasoning, recourse, and feasibility review.",0.0,0.414099,0.62,0.68438
1.0,0.348042,77,unfavorable,0.47779,0.356415,"Synthetic decision record for testing counterfactual reasoning, recourse, and feasibility review.",0.0,0.837003,0.62,0.397986
0.0,0.485194,78,favorable,0.748976,0.683023,"Synthetic decision record for testing counterfactual reasoning, recourse, and feasibility review.",0.0,0.464882,0.62,0.51789
0.0,0.687261,79,favorable,0.817641,0.773635,"Synthetic decision record for testing counterfactual reasoning, recourse, and feasibility review.",0.0,0.610933,0.62,0.424427
1.0,0.325129,80,unfavorable,0.337525,0.287565,"Synthetic decision record for testing counterfactual reasoning, recourse, and feasibility review.",0.0,0.20557,0.62,0.245096
0.0,0.835467,81,favorable,0.822334,0.605355,"Synthetic decision record for testing counterfactual reasoning, recourse, and feasibility review.",0.0,0.55197,0.62,0.488505
0.0,0.835743,82,favorable,0.858059,0.548969,"Synthetic decision record for testing counterfactual reasoning, recourse, and feasibility review.",0.0,0.59709,0.62,0.875337
1.0,0.285243,83,unfavorable,0.384149,0.28179,"Synthetic decision record for testing counterfactual reasoning, recourse, and feasibility review.",0.0,0.349485,0.62,0.480076
0.0,0.703341,84,favorable,0.871543,0.699942,"Synthetic decision record for testing counterfactual reasoning, recourse, and feasibility review.",0.0,0.785594,0.62,0.903521
1.0,0.370419,85,unfavorable,0.411267,0.62951,"Synthetic decision record for testing counterfactual reasoning, recourse, and feasibility review.",1.0,0.699499,0.62,0.392531
1.0,0.373563,86,unfavorable,0.517181,0.430752,"Synthetic decision record for testing counterfactual reasoning, recourse, and feasibility review.",0.0,0.618281,0.62,0.587661
1.0,0.313419,87,unfavorable,0.441536,0.363235,"Synthetic decision record for testing counterfactual reasoning, recourse, and feasibility review.",0.0,0.724249,0.62,0.345494
0.0,0.499797,88,favorable,0.774662,0.618715,"Synthetic decision record for testing counterfactual reasoning, recourse, and feasibility review.",0.0,0.715427,0.62,0.592718
1.0,0.935992,89,favorable,0.713187,0.454806,"Synthetic decision record for testing counterfactual reasoning, recourse, and feasibility review.",0.0,0.468605,0.62,0.687784
0.0,0.471643,90,favorable,0.762963,0.561348,"Synthetic decision record for testing counterfactual reasoning, recourse, and feasibility review.",0.0,0.342459,0.62,0.903924
1.0,0.724443,91,favorable,0.663486,0.517111,"Synthetic decision record for testing counterfactual reasoning, recourse, and feasibility review.",0.0,0.840703,0.62,0.431881
1.0,0.499634,92,unfavorable,0.493906,0.297758,"Synthetic decision record for testing counterfactual reasoning, recourse, and feasibility review.",0.0,0.602315,0.62,0.453212
0.0,0.453755,93,unfavorable,0.495769,0.384627,"Synthetic decision record for testing counterfactual reasoning, recourse, and feasibility review.",1.0,0.237206,0.62,0.478892
0.0,0.760914,94,favorable,0.834131,0.792052,"Synthetic decision record for testing counterfactual reasoning, recourse, and feasibility review.",0.0,0.55615,0.62,0.444405
0.0,0.806273,95,favorable,0.891682,1.0,"Synthetic decision record for testing counterfactual reasoning, recourse, and feasibility review.",0.0,0.505722,0.62,0.700991
1.0,0.550929,96,unfavorable,0.496218,0.297439,"Synthetic decision record for testing counterfactual reasoning, recourse, and feasibility review.",0.0,0.606045,0.62,0.369714
0.0,0.379697,97,review,0.564037,0.665807,"Synthetic decision record for testing counterfactual reasoning, recourse, and feasibility review.",1.0,0.468096,0.62,0.375728
0.0,0.532539,98,favorable,0.814022,1.0,"Synthetic decision record for testing counterfactual reasoning, recourse, and feasibility review.",0.0,0.567925,0.62,0.364774
0.0,0.759537,99,favorable,0.802138,0.672785,"Synthetic decision record for testing counterfactual reasoning, recourse, and feasibility review.",0.0,0.444037,0.62,0.433522
1.0,0.688414,100,favorable,0.668205,0.431947,"Synthetic decision record for testing counterfactual reasoning, recourse, and feasibility review.",0.0,0.784997,0.62,0.689744
0.0,0.476137,101,review,0.604138,0.606295,"Synthetic decision record for testing counterfactual reasoning, recourse, and feasibility review.",1.0,0.118648,0.62,0.736909
1.0,0.236336,102,unfavorable,0.3908,0.381262,"Synthetic decision record for testing counterfactual reasoning, recourse, and feasibility review.",0.0,0.550894,0.62,0.31607
1.0,0.466337,103,unfavorable,0.387657,0.658788,"Synthetic decision record for testing counterfactual reasoning, recourse, and feasibility review.",1.0,0.499585,0.62,0.189156
1.0,0.251981,104,unfavorable,0.423652,0.594896,"Synthetic decision record for testing counterfactual reasoning, recourse, and feasibility review.",0.0,0.582036,0.62,0.116043
1.0,0.388684,105,unfavorable,0.487833,0.388513,"Synthetic decision record for testing counterfactual reasoning, recourse, and feasibility review.",0.0,0.542259,0.62,0.529091
0.0,0.633891,106,favorable,0.771893,0.535463,"Synthetic decision record for testing counterfactual reasoning, recourse, and feasibility review.",0.0,0.467769,0.62,0.625078
1.0,0.230314,107,unfavorable,0.447859,0.512412,"Synthetic decision record for testing counterfactual reasoning, recourse, and feasibility review.",0.0,0.438191,0.62,0.501026
1.0,0.424549,108,review,0.570263,0.545318,"Synthetic decision record for testing counterfactual reasoning, recourse, and feasibility review.",0.0,0.533894,0.62,0.649132
0.0,0.448102,109,review,0.59542,0.190362,"Synthetic decision record for testing counterfactual reasoning, recourse, and feasibility review.",0.0,0.419604,0.62,0.471815
0.0,0.901698,110,favorable,0.88678,0.899361,"Synthetic decision record for testing counterfactual reasoning, recourse, and feasibility review.",0.0,0.510958,0.62,0.613179
1.0,0.324028,111,unfavorable,0.491103,0.359072,"Synthetic decision record for testing counterfactual reasoning, recourse, and feasibility review.",0.0,0.734578,0.62,0.574578
1.0,0.444549,112,review,0.556769,0.439689,"Synthetic decision record for testing counterfactual reasoning, recourse, and feasibility review.",0.0,0.502538,0.62,0.724303
0.0,0.54034,113,favorable,0.84152,0.821001,"Synthetic decision record for testing counterfactual reasoning, recourse, and feasibility review.",0.0,0.565641,0.62,0.862233
0.0,0.482195,114,favorable,0.755812,0.655502,"Synthetic decision record for testing counterfactual reasoning, recourse, and feasibility review.",0.0,0.350845,0.62,0.688882
0.0,0.392622,115,favorable,0.732479,0.487121,"Synthetic decision record for testing counterfactual reasoning, recourse, and feasibility review.",0.0,0.438806,0.62,0.890056
0.0,0.497109,116,favorable,0.720339,0.467566,"Synthetic decision record for testing counterfactual reasoning, recourse, and feasibility review.",0.0,0.796172,0.62,0.407955
0.0,0.697962,117,favorable,0.865402,0.753603,"Synthetic decision record for testing counterfactual reasoning, recourse, and feasibility review.",0.0,0.619336,0.62,0.879873
1.0,0.2365,118,unfavorable,0.351684,0.353655,"Synthetic decision record for testing counterfactual reasoning, recourse, and feasibility review.",0.0,0.357892,0.62,0.280257
0.0,0.961095,119,favorable,0.890652,0.749044,"Synthetic decision record for testing counterfactual reasoning, recourse, and feasibility review.",0.0,0.652471,0.62,0.682648
1.0,0.385047,120,review,0.616671,0.919304,"Synthetic decision record for testing counterfactual reasoning, recourse, and feasibility review.",0.0,0.477044,0.62,0.439484
0.0,0.880609,121,favorable,0.737253,0.600175,"Synthetic decision record for testing counterfactual reasoning, recourse, and feasibility review.",1.0,0.393919,0.62,0.584986
0.0,0.799555,122,favorable,0.801681,0.513272,"Synthetic decision record for testing counterfactual reasoning, recourse, and feasibility review.",0.0,0.692908,0.62,0.425569
0.0,0.338342,123,favorable,0.682233,0.650633,"Synthetic decision record for testing counterfactual reasoning, recourse, and feasibility review.",0.0,0.636993,0.62,0.302942
0.0,0.547507,124,favorable,0.802862,0.658268,"Synthetic decision record for testing counterfactual reasoning, recourse, and feasibility review.",0.0,0.501743,0.62,0.805645
1.0,0.485028,125,review,0.521143,0.551664,"Synthetic decision record for testing counterfactual reasoning, recourse, and feasibility review.",0.0,0.531626,0.62,0.283676
0.0,0.82108,126,favorable,0.794686,0.722309,"Synthetic decision record for testing counterfactual reasoning, recourse, and feasibility review.",0.0,0.532469,0.62,0.129016
1.0,0.414818,127,review,0.555342,0.511489,"Synthetic decision record for testing counterfactual reasoning, recourse, and feasibility review.",0.0,0.68448,0.62,0.538176
1.0,0.501846,128,unfavorable,0.409414,0.438675,"Synthetic decision record for testing counterfactual reasoning, recourse, and feasibility review.",1.0,0.494023,0.62,0.572263
1.0,0.007771,129,unfavorable,0.344455,0.339358,"Synthetic decision record for testing counterfactual reasoning, recourse, and feasibility review.",0.0,0.54988,0.62,0.544456
0.0,0.677568,130,review,0.548398,0.39616,"Synthetic decision record for testing counterfactual reasoning, recourse, and feasibility review.",1.0,0.376849,0.62,0.223837
0.0,0.984048,131,favorable,0.72974,0.573857,"Synthetic decision record for testing counterfactual reasoning, recourse, and feasibility review.",1.0,0.250508,0.62,0.48753
0.0,0.953973,132,favorable,0.882676,0.591752,"Synthetic decision record for testing counterfactual reasoning, recourse, and feasibility review.",0.0,0.548227,0.62,0.903916
0.0,0.719816,133,favorable,0.760349,0.813601,"Synthetic decision record for testing counterfactual reasoning, recourse, and feasibility review.",1.0,0.53103,0.62,0.615594
0.0,0.561651,134,favorable,0.626242,0.624651,"Synthetic decision record for testing counterfactual reasoning, recourse, and feasibility review.",1.0,0.304519,0.62,0.543332
0.0,0.376196,135,favorable,0.751544,0.584996,"Synthetic decision record for testing counterfactual reasoning, recourse, and feasibility review.",0.0,0.586538,0.62,0.795987
0.0,0.581523,136,favorable,0.793558,0.689547,"Synthetic decision record for testing counterfactual reasoning, recourse, and feasibility review.",0.0,0.603664,0.62,0.554782
0.0,0.518962,137,favorable,0.685549,0.881501,"Synthetic decision record for testing counterfactual reasoning, recourse, and feasibility review.",1.0,0.487478,0.62,0.438729
1.0,0.43866,138,unfavorable,0.518908,0.513068,"Synthetic decision record for testing counterfactual reasoning, recourse, and feasibility review.",0.0,0.764153,0.62,0.254555
1.0,0.603373,139,unfavorable,0.498231,0.222746,"Synthetic decision record for testing counterfactual reasoning, recourse, and feasibility review.",0.0,0.397512,0.62,0.540131
0.0,0.487563,140,favorable,0.80532,0.837763,"Synthetic decision record for testing counterfactual reasoning, recourse, and feasibility review.",0.0,0.554583,0.62,0.628223
0.0,0.392544,141,favorable,0.692879,0.641588,"Synthetic decision record for testing counterfactual reasoning, recourse, and feasibility review.",0.0,0.461168,0.62,0.401096
0.0,0.360808,142,favorable,0.711892,0.49453,"Synthetic decision record for testing counterfactual reasoning, recourse, and feasibility review.",0.0,0.691356,0.62,0.63467
1.0,0.277316,143,unfavorable,0.33422,0.185214,"Synthetic decision record for testing counterfactual reasoning, recourse, and feasibility review.",0.0,0.472196,0.62,0.28346
0.0,0.418579,144,favorable,0.769229,0.887427,"Synthetic decision record for testing counterfactual reasoning, recourse, and feasibility review.",0.0,0.333537,0.62,0.560828
1.0,0.629874,145,unfavorable,0.496814,0.375081,"Synthetic decision record for testing counterfactual reasoning, recourse, and feasibility review.",0.0,0.559119,0.62,0.145405
1.0,0.202153,146,unfavorable,0.243367,0.318928,"Synthetic decision record for testing counterfactual reasoning, recourse, and feasibility review.",1.0,0.527028,0.62,0.31249
0.0,0.729178,147,favorable,0.884993,0.879784,"Synthetic decision record for testing counterfactual reasoning, recourse, and feasibility review.",0.0,0.579616,0.62,0.885942
1.0,0.336485,148,unfavorable,0.458157,0.457039,"Synthetic decision record for testing counterfactual reasoning, recourse, and feasibility review.",0.0,0.618147,0.62,0.319881
0.0,0.646552,149,favorable,0.768028,0.545108,"Synthetic decision record for testing counterfactual reasoning, recourse, and feasibility review.",0.0,0.400526,0.62,0.606614
0.0,0.701905,150,favorable,0.871129,0.885962,"Synthetic decision record for testing counterfactual reasoning, recourse, and feasibility review.",0.0,0.591394,0.62,0.755988
0.0,0.591424,151,favorable,0.767839,0.476561,"Synthetic decision record for testing counterfactual reasoning, recourse, and feasibility review.",0.0,0.384327,0.62,0.819163
1.0,0.136668,152,unfavorable,0.263379,0.574964,"Synthetic decision record for testing counterfactual reasoning, recourse, and feasibility review.",1.0,0.32729,0.62,0.316731
0.0,0.118832,153,review,0.5753,0.484385,"Synthetic decision record for testing counterfactual reasoning, recourse, and feasibility review.",0.0,0.373185,0.62,0.555862
0.0,0.530342,154,favorable,0.756421,0.650326,"Synthetic decision record for testing counterfactual reasoning, recourse, and feasibility review.",0.0,0.480238,0.62,0.524544
1.0,0.229153,155,unfavorable,0.378954,0.328339,"Synthetic decision record for testing counterfactual reasoning, recourse, and feasibility review.",0.0,0.6554,0.62,0.274074
1.0,0.636318,156,review,0.598552,0.518269,"Synthetic decision record for testing counterfactual reasoning, recourse, and feasibility review.",0.0,0.678407,0.62,0.352157
0.0,0.42697,157,favorable,0.708663,0.480887,"Synthetic decision record for testing counterfactual reasoning, recourse, and feasibility review.",0.0,0.202788,0.62,0.851495
0.0,0.78595,158,favorable,0.832177,0.62127,"Synthetic decision record for testing counterfactual reasoning, recourse, and feasibility review.",0.0,0.449047,0.62,0.711262
0.0,0.412213,159,favorable,0.686436,0.731715,"Synthetic decision record for testing counterfactual reasoning, recourse, and feasibility review.",0.0,0.296629,0.62,0.305743
0.0,0.416617,160,favorable,0.744215,0.577906,"Synthetic decision record for testing counterfactual reasoning, recourse, and feasibility review.",0.0,0.2996,0.62,0.882038
1.0,0.513585,161,review,0.536553,0.673663,"Synthetic decision record for testing counterfactual reasoning, recourse, and feasibility review.",0.0,0.601121,0.62,0.078455
0.0,0.574236,162,favorable,0.707946,0.672105,"Synthetic decision record for testing counterfactual reasoning, recourse, and feasibility review.",1.0,0.564115,0.62,0.732498
1.0,0.024416,163,unfavorable,0.211182,0.0,"Synthetic decision record for testing counterfactual reasoning, recourse, and feasibility review.",0.0,0.384112,0.62,0.294397
0.0,0.634746,164,favorable,0.811604,0.701548,"Synthetic decision record for testing counterfactual reasoning, recourse, and feasibility review.",0.0,0.640138,0.62,0.557692
0.0,0.762087,165,favorable,0.79502,0.880771,"Synthetic decision record for testing counterfactual reasoning, recourse, and feasibility review.",1.0,0.371605,0.62,0.798898
0.0,0.697672,166,favorable,0.864213,0.786871,"Synthetic decision record for testing counterfactual reasoning, recourse, and feasibility review.",0.0,0.714418,0.62,0.752417
0.0,0.820757,167,favorable,0.70917,0.678119,"Synthetic decision record for testing counterfactual reasoning, recourse, and feasibility review.",1.0,0.701343,0.62,0.189718
1.0,0.0,168,unfavorable,0.395374,0.65849,"Synthetic decision record for testing counterfactual reasoning, recourse, and feasibility review.",0.0,0.52036,0.62,0.373542
0.0,0.764191,169,favorable,0.830586,0.67376,"Synthetic decision record for testing counterfactual reasoning, recourse, and feasibility review.",0.0,0.602753,0.62,0.552108
0.0,0.431299,170,favorable,0.81586,0.719355,"Synthetic decision record for testing counterfactual reasoning, recourse, and feasibility review.",0.0,0.818368,0.62,0.812291
0.0,0.563478,171,favorable,0.83446,0.979639,"Synthetic decision record for testing counterfactual reasoning, recourse, and feasibility review.",0.0,0.316067,0.62,0.688909
0.0,0.364173,172,favorable,0.709464,0.772452,"Synthetic decision record for testing counterfactual reasoning, recourse, and feasibility review.",0.0,0.432124,0.62,0.375148
0.0,0.683975,173,favorable,0.774314,0.553042,"Synthetic decision record for testing counterfactual reasoning, recourse, and feasibility review.",0.0,0.350668,0.62,0.605689
1.0,0.64125,174,review,0.566841,0.516546,"Synthetic decision record for testing counterfactual reasoning, recourse, and feasibility review.",0.0,0.541482,0.62,0.276863
0.0,0.689159,175,favorable,0.856938,1.0,"Synthetic decision record for testing counterfactual reasoning, recourse, and feasibility review.",0.0,0.397822,0.62,0.590009
0.0,0.728633,176,favorable,0.825836,0.627315,"Synthetic decision record for testing counterfactual reasoning, recourse, and feasibility review.",0.0,0.486214,0.62,0.724604
0.0,0.497566,177,favorable,0.817812,0.78402,"Synthetic decision record for testing counterfactual reasoning, recourse, and feasibility review.",0.0,0.441285,0.62,0.870738
0.0,0.401883,178,favorable,0.755707,0.731925,"Synthetic decision record for testing counterfactual reasoning, recourse, and feasibility review.",0.0,0.593428,0.62,0.552323
0.0,0.333771,179,favorable,0.697229,0.74814,"Synthetic decision record for testing counterfactual reasoning, recourse, and feasibility review.",0.0,0.428379,0.62,0.395992
0.0,0.453583,180,favorable,0.795582,0.754925,"Synthetic decision record for testing counterfactual reasoning, recourse, and feasibility review.",0.0,0.72828,0.62,0.618435
0.0,0.293577,181,favorable,0.672496,0.412358,"Synthetic decision record for testing counterfactual reasoning, recourse, and feasibility review.",0.0,0.948939,0.62,0.471331
0.0,0.4318,182,favorable,0.673729,0.765666,"Synthetic decision record for testing counterfactual reasoning, recourse, and feasibility review.",1.0,0.787554,0.62,0.496293
0.0,0.514352,183,favorable,0.724075,0.722497,"Synthetic decision record for testing counterfactual reasoning, recourse, and feasibility review.",1.0,0.71645,0.62,0.759891
0.0,0.498618,184,favorable,0.723304,0.629128,"Synthetic decision record for testing counterfactual reasoning, recourse, and feasibility review.",0.0,0.424623,0.62,0.436769
0.0,0.72581,185,favorable,0.902433,0.790292,"Synthetic decision record for testing counterfactual reasoning, recourse, and feasibility review.",0.0,0.952335,0.62,1.0
0.0,0.79609,186,favorable,0.846656,0.784339,"Synthetic decision record for testing counterfactual reasoning, recourse, and feasibility review.",0.0,0.421712,0.62,0.601416
1.0,0.363301,187,unfavorable,0.456206,0.421304,"Synthetic decision record for testing counterfactual reasoning, recourse, and feasibility review.",0.0,0.405787,0.62,0.46105
0.0,0.678469,188,favorable,0.802893,0.500474,"Synthetic decision record for testing counterfactual reasoning, recourse, and feasibility review.",0.0,0.498088,0.62,0.807724
1.0,0.50762,189,review,0.524005,0.44066,"Synthetic decision record for testing counterfactual reasoning, recourse, and feasibility review.",0.0,0.581235,0.62,0.389467
0.0,0.664135,190,favorable,0.723102,0.491428,"Synthetic decision record for testing counterfactual reasoning, recourse, and feasibility review.",0.0,0.355046,0.62,0.389894
0.0,0.634673,191,favorable,0.788167,0.480689,"Synthetic decision record for testing counterfactual reasoning, recourse, and feasibility review.",0.0,0.824208,0.62,0.579368
0.0,0.367582,192,favorable,0.668232,0.911982,"Synthetic decision record for testing counterfactual reasoning, recourse, and feasibility review.",1.0,0.439426,0.62,0.601431
1.0,0.558639,193,favorable,0.709101,0.539298,"Synthetic decision record for testing counterfactual reasoning, recourse, and feasibility review.",0.0,0.788794,0.62,1.0
0.0,0.559072,194,favorable,0.809085,0.780675,"Synthetic decision record for testing counterfactual reasoning, recourse, and feasibility review.",0.0,0.615497,0.62,0.572609
0.0,0.234857,195,unfavorable,0.493632,0.549126,"Synthetic decision record for testing counterfactual reasoning, recourse, and feasibility review.",1.0,0.496672,0.62,0.439828
0.0,0.634515,196,favorable,0.714109,0.847789,"Synthetic decision record for testing counterfactual reasoning, recourse, and feasibility review.",1.0,0.358123,0.62,0.538832
0.0,0.69007,197,favorable,0.878944,0.952518,"Synthetic decision record for testing counterfactual reasoning, recourse, and feasibility review.",0.0,0.500219,0.62,0.829661
0.0,0.474142,198,favorable,0.772252,0.54391,"Synthetic decision record for testing counterfactual reasoning, recourse, and feasibility review.",0.0,0.524365,0.62,0.865591
0.0,0.843505,199,favorable,0.786228,0.571324,"Synthetic decision record for testing counterfactual reasoning, recourse, and feasibility review.",0.0,0.643673,0.62,0.174556
0.0,0.137738,200,review,0.588136,0.720793,"Synthetic decision record for testing counterfactual reasoning, recourse, and feasibility review.",1.0,0.373705,0.62,0.920072
1.0,0.647592,201,unfavorable,0.463628,0.397189,"Synthetic decision record for testing counterfactual reasoning, recourse, and feasibility review.",1.0,0.565614,0.62,0.596914
0.0,0.478954,202,favorable,0.703666,0.322599,"Synthetic decision record for testing counterfactual reasoning, recourse, and feasibility review.",0.0,0.488362,0.62,0.76827
0.0,0.340163,203,favorable,0.699956,0.285061,"Synthetic decision record for testing counterfactual reasoning, recourse, and feasibility review.",0.0,0.566866,0.62,1.0
1.0,0.342718,204,review,0.573015,0.55926,"Synthetic decision record for testing counterfactual reasoning, recourse, and feasibility review.",0.0,0.493515,0.62,0.818348
0.0,0.540218,205,favorable,0.776326,0.618703,"Synthetic decision record for testing counterfactual reasoning, recourse, and feasibility review.",0.0,0.378497,0.62,0.763061
0.0,0.55622,206,favorable,0.708429,0.595604,"Synthetic decision record for testing counterfactual reasoning, recourse, and feasibility review.",0.0,0.29088,0.62,0.383174
1.0,0.193335,207,unfavorable,0.374328,0.345167,"Synthetic decision record for testing counterfactual reasoning, recourse, and feasibility review.",0.0,0.329512,0.62,0.513171
0.0,0.820056,208,favorable,0.771851,0.4755,"Synthetic decision record for testing counterfactual reasoning, recourse, and feasibility review.",0.0,0.733355,0.62,0.19471
1.0,0.043452,209,unfavorable,0.349821,0.466776,"Synthetic decision record for testing counterfactual reasoning, recourse, and feasibility review.",0.0,0.517981,0.62,0.340188
0.0,0.715991,210,favorable,0.828878,0.634342,"Synthetic decision record for testing counterfactual reasoning, recourse, and feasibility review.",0.0,0.685887,0.62,0.62633
1.0,0.134941,211,unfavorable,0.474355,0.481265,"Synthetic decision record for testing counterfactual reasoning, recourse, and feasibility review.",0.0,0.69478,0.62,0.677522
0.0,0.325348,212,favorable,0.700771,0.833262,"Synthetic decision record for testing counterfactual reasoning, recourse, and feasibility review.",0.0,0.303137,0.62,0.390721
0.0,0.512173,213,favorable,0.790883,0.829867,"Synthetic decision record for testing counterfactual reasoning, recourse, and feasibility review.",0.0,0.631247,0.62,0.430726
0.0,0.377375,214,favorable,0.672136,0.758976,"Synthetic decision record for testing counterfactual reasoning, recourse, and feasibility review.",1.0,0.67335,0.62,0.674442
0.0,0.715289,215,favorable,0.822305,0.634574,"Synthetic decision record for testing counterfactual reasoning, recourse, and feasibility review.",0.0,0.802434,0.62,0.490053
0.0,0.677327,216,favorable,0.811108,0.539103,"Synthetic decision record for testing counterfactual reasoning, recourse, and feasibility review.",0.0,0.623492,0.62,0.731575
1.0,0.44941,217,unfavorable,0.464749,0.702151,"Synthetic decision record for testing counterfactual reasoning, recourse, and feasibility review.",1.0,0.620819,0.62,0.466358
0.0,0.718882,218,favorable,0.865878,0.710273,"Synthetic decision record for testing counterfactual reasoning, recourse, and feasibility review.",0.0,0.491424,0.62,1.0
0.0,0.826592,219,favorable,0.771223,0.780359,"Synthetic decision record for testing counterfactual reasoning, recourse, and feasibility review.",1.0,0.380041,0.62,0.651521
0.0,0.744862,220,favorable,0.792163,0.535958,"Synthetic decision record for testing counterfactual reasoning, recourse, and feasibility review.",0.0,0.407859,0.62,0.613115
1.0,0.444416,221,review,0.527281,0.48572,"Synthetic decision record for testing counterfactual reasoning, recourse, and feasibility review.",0.0,0.454325,0.62,0.540108
0.0,0.526935,222,favorable,0.776692,0.770056,"Synthetic decision record for testing counterfactual reasoning, recourse, and feasibility review.",0.0,0.469222,0.62,0.50037
0.0,0.448129,223,favorable,0.707884,0.587014,"Synthetic decision record for testing counterfactual reasoning, recourse, and feasibility review.",0.0,0.565887,0.62,0.399609
0.0,0.563949,224,favorable,0.777925,0.349675,"Synthetic decision record for testing counterfactual reasoning, recourse, and feasibility review.",0.0,0.765531,0.62,0.869047
0.0,0.74311,225,favorable,0.698956,0.617049,"Synthetic decision record for testing counterfactual reasoning, recourse, and feasibility review.",1.0,0.630523,0.62,0.409472
1.0,0.738479,226,favorable,0.677089,0.631858,"Synthetic decision record for testing counterfactual reasoning, recourse, and feasibility review.",0.0,0.567952,0.62,0.498788
0.0,0.55794,227,favorable,0.741027,0.663497,"Synthetic decision record for testing counterfactual reasoning, recourse, and feasibility review.",1.0,0.538367,0.62,1.0
0.0,0.503245,228,unfavorable,0.480493,0.408542,"Synthetic decision record for testing counterfactual reasoning, recourse, and feasibility review.",1.0,0.509665,0.62,0.089578
1.0,0.448619,229,review,0.595253,0.592675,"Synthetic decision record for testing counterfactual reasoning, recourse, and feasibility review.",0.0,0.528164,0.62,0.666908
0.0,0.734595,230,favorable,0.812919,0.78049,"Synthetic decision record for testing counterfactual reasoning, recourse, and feasibility review.",0.0,0.269392,0.62,0.523968
0.0,0.585528,231,favorable,0.813299,0.733574,"Synthetic decision record for testing counterfactual reasoning, recourse, and feasibility review.",0.0,0.559764,0.62,0.668022
0.0,0.726216,232,favorable,0.833885,0.719911,"Synthetic decision record for testing counterfactual reasoning, recourse, and feasibility review.",0.0,0.562938,0.62,0.608615
1.0,0.383846,233,unfavorable,0.440846,0.622387,"Synthetic decision record for testing counterfactual reasoning, recourse, and feasibility review.",1.0,0.566187,0.62,0.621785
1.0,0.504905,234,review,0.604841,0.667332,"Synthetic decision record for testing counterfactual reasoning, recourse, and feasibility review.",0.0,0.516536,0.62,0.510839
0.0,0.851192,235,favorable,0.854387,0.758853,"Synthetic decision record for testing counterfactual reasoning, recourse, and feasibility review.",0.0,0.314008,0.62,0.689847
0.0,0.742506,236,favorable,0.796985,0.695157,"Synthetic decision record for testing counterfactual reasoning, recourse, and feasibility review.",0.0,0.57605,0.62,0.299881
0.0,0.680079,237,favorable,0.906146,1.0,"Synthetic decision record for testing counterfactual reasoning, recourse, and feasibility review.",0.0,0.702977,0.62,0.993392
1.0,0.691699,238,unfavorable,0.452816,0.007862,"Synthetic decision record for testing counterfactual reasoning, recourse, and feasibility review.",0.0,0.50163,0.62,0.403008
0.0,0.648387,239,favorable,0.728746,0.595943,"Synthetic decision record for testing counterfactual reasoning, recourse, and feasibility review.",0.0,0.399991,0.62,0.266226
0.0,0.987986,240,favorable,0.854879,0.660572,"Synthetic decision record for testing counterfactual reasoning, recourse, and feasibility review.",0.0,0.443315,0.62,0.50538
0.0,0.630586,241,favorable,0.765673,0.628248,"Synthetic decision record for testing counterfactual reasoning, recourse, and feasibility review.",0.0,0.818408,0.62,0.207079
0.0,0.183781,242,unfavorable,0.403867,0.621673,"Synthetic decision record for testing counterfactual reasoning, recourse, and feasibility review.",1.0,0.404342,0.62,0.032177
0.0,0.655651,243,favorable,0.864914,0.879693,"Synthetic decision record for testing counterfactual reasoning, recourse, and feasibility review.",0.0,0.633757,0.62,0.752284
0.0,0.469767,244,favorable,0.727299,0.398064,"Synthetic decision record for testing counterfactual reasoning, recourse, and feasibility review.",0.0,0.653559,0.62,0.703332
0.0,0.307651,245,favorable,0.73207,0.811619,"Synthetic decision record for testing counterfactual reasoning, recourse, and feasibility review.",0.0,0.5204,0.62,0.498619
1.0,0.012825,246,unfavorable,0.311344,0.073773,"Synthetic decision record for testing counterfactual reasoning, recourse, and feasibility review.",0.0,0.525404,0.62,0.762579
0.0,0.481077,247,favorable,0.676288,0.545614,"Synthetic decision record for testing counterfactual reasoning, recourse, and feasibility review.",1.0,0.707301,0.62,0.806813
1.0,0.353253,248,unfavorable,0.44853,0.634519,"Synthetic decision record for testing counterfactual reasoning, recourse, and feasibility review.",1.0,0.436752,0.62,0.786919
0.0,0.563027,249,favorable,0.841458,0.604924,"Synthetic decision record for testing counterfactual reasoning, recourse, and feasibility review.",0.0,0.776037,0.62,1.0
1.0,0.205082,250,unfavorable,0.396654,0.300294,"Synthetic decision record for testing counterfactual reasoning, recourse, and feasibility review.",0.0,0.52614,0.62,0.541843
1.0,0.479952,251,review,0.56715,0.476526,"Synthetic decision record for testing counterfactual reasoning, recourse, and feasibility review.",0.0,0.770563,0.62,0.473325
0.0,0.183461,252,unfavorable,0.397791,0.413239,"Synthetic decision record for testing counterfactual reasoning, recourse, and feasibility review.",1.0,0.607097,0.62,0.174394
0.0,0.882938,253,favorable,0.855469,0.570579,"Synthetic decision record for testing counterfactual reasoning, recourse, and feasibility review.",0.0,0.506815,0.62,0.793062
1.0,0.692158,254,favorable,0.653143,0.66913,"Synthetic decision record for testing counterfactual reasoning, recourse, and feasibility review.",0.0,0.613336,0.62,0.361203
1.0,0.363986,255,unfavorable,0.517169,0.489057,"Synthetic decision record for testing counterfactual reasoning, recourse, and feasibility review.",0.0,0.561501,0.62,0.556537
1.0,0.417675,256,unfavorable,0.386686,0.20534,"Synthetic decision record for testing counterfactual reasoning, recourse, and feasibility review.",0.0,0.455878,0.62,0.294956
1.0,0.268942,257,unfavorable,0.349896,0.600108,"Synthetic decision record for testing counterfactual reasoning, recourse, and feasibility review.",1.0,0.594735,0.62,0.366628
1.0,0.397816,258,unfavorable,0.387949,0.349126,"Synthetic decision record for testing counterfactual reasoning, recourse, and feasibility review.",0.0,0.09304,0.62,0.371377
1.0,0.472196,259,unfavorable,0.40432,0.306592,"Synthetic decision record for testing counterfactual reasoning, recourse, and feasibility review.",1.0,0.597068,0.62,0.726903
0.0,0.66956,260,favorable,0.786139,0.643446,"Synthetic decision record for testing counterfactual reasoning, recourse, and feasibility review.",0.0,0.251004,0.62,0.650949
1.0,0.546934,261,review,0.556188,0.526913,"Synthetic decision record for testing counterfactual reasoning, recourse, and feasibility review.",0.0,0.714007,0.62,0.259567
0.0,0.282841,262,favorable,0.679254,0.541209,"Synthetic decision record for testing counterfactual reasoning, recourse, and feasibility review.",0.0,0.628258,0.62,0.556543
0.0,0.864411,263,favorable,0.754314,0.48074,"Synthetic decision record for testing counterfactual reasoning, recourse, and feasibility review.",1.0,0.643776,0.62,0.73424
1.0,0.493877,264,review,0.558113,0.593988,"Synthetic decision record for testing counterfactual reasoning, recourse, and feasibility review.",0.0,0.483659,0.62,0.423231
0.0,0.306643,265,unfavorable,0.476312,0.358379,"Synthetic decision record for testing counterfactual reasoning, recourse, and feasibility review.",1.0,0.034334,0.62,0.827011
0.0,0.641826,266,favorable,0.816135,0.590395,"Synthetic decision record for testing counterfactual reasoning, recourse, and feasibility review.",0.0,0.750226,0.62,0.673292
0.0,0.546277,267,favorable,0.700691,0.97403,"Synthetic decision record for testing counterfactual reasoning, recourse, and feasibility review.",1.0,0.150126,0.62,0.571355
1.0,0.38934,268,unfavorable,0.37498,0.759516,"Synthetic decision record for testing counterfactual reasoning, recourse, and feasibility review.",1.0,0.44615,0.62,0.147184
0.0,0.836648,269,favorable,0.800379,0.496016,"Synthetic decision record for testing counterfactual reasoning, recourse, and feasibility review.",0.0,0.619639,0.62,0.42438
0.0,0.462662,270,favorable,0.668763,0.750131,"Synthetic decision record for testing counterfactual reasoning, recourse, and feasibility review.",1.0,0.32473,0.62,0.75372
0.0,0.568675,271,favorable,0.813585,0.959128,"Synthetic decision record for testing counterfactual reasoning, recourse, and feasibility review.",0.0,0.685301,0.62,0.276281
1.0,0.110137,272,unfavorable,0.265064,0.15819,"Synthetic decision record for testing counterfactual reasoning, recourse, and feasibility review.",0.0,0.377174,0.62,0.279022
1.0,0.357928,273,unfavorable,0.480914,0.464805,"Synthetic decision record for testing counterfactual reasoning, recourse, and feasibility review.",0.0,0.220359,0.62,0.657072
0.0,0.620609,274,favorable,0.831688,0.948143,"Synthetic decision record for testing counterfactual reasoning, recourse, and feasibility review.",0.0,0.437948,0.62,0.523892
0.0,0.605085,275,favorable,0.78271,0.652094,"Synthetic decision record for testing counterfactual reasoning, recourse, and feasibility review.",0.0,0.635954,0.62,0.464832
1.0,0.458247,276,review,0.552655,0.638731,"Synthetic decision record for testing counterfactual reasoning, recourse, and feasibility review.",0.0,0.313254,0.62,0.510225
1.0,0.313837,277,unfavorable,0.361312,0.439992,"Synthetic decision record for testing counterfactual reasoning, recourse, and feasibility review.",0.0,0.277638,0.62,0.118212
0.0,0.383876,278,favorable,0.764729,0.781787,"Synthetic decision record for testing counterfactual reasoning, recourse, and feasibility review.",0.0,0.492966,0.62,0.641111
1.0,0.233089,279,unfavorable,0.337044,0.629901,"Synthetic decision record for testing counterfactual reasoning, recourse, and feasibility review.",1.0,0.138838,0.62,0.629107
0.0,0.572836,280,favorable,0.784482,0.642563,"Synthetic decision record for testing counterfactual reasoning, recourse, and feasibility review.",0.0,0.717837,0.62,0.494348
0.0,0.451606,281,favorable,0.810986,0.727728,"Synthetic decision record for testing counterfactual reasoning, recourse, and feasibility review.",0.0,0.618607,0.62,0.86012
1.0,0.580621,282,review,0.541812,0.308178,"Synthetic decision record for testing counterfactual reasoning, recourse, and feasibility review.",0.0,0.646863,0.62,0.500188
0.0,0.360654,283,favorable,0.781792,0.7205,"Synthetic decision record for testing counterfactual reasoning, recourse, and feasibility review.",0.0,0.888688,0.62,0.624765
0.0,0.611407,284,favorable,0.763255,0.687929,"Synthetic decision record for testing counterfactual reasoning, recourse, and feasibility review.",0.0,0.470668,0.62,0.374606
0.0,0.877655,285,favorable,0.866658,0.74348,"Synthetic decision record for testing counterfactual reasoning, recourse, and feasibility review.",0.0,0.498308,0.62,0.666106
1.0,0.636811,286,review,0.539124,0.373797,"Synthetic decision record for testing counterfactual reasoning, recourse, and feasibility review.",0.0,0.181486,0.62,0.606335
1.0,0.391915,287,unfavorable,0.498432,0.554491,"Synthetic decision record for testing counterfactual reasoning, recourse, and feasibility review.",0.0,0.540163,0.62,0.328715
0.0,0.634196,288,favorable,0.783464,0.529115,"Synthetic decision record for testing counterfactual reasoning, recourse, and feasibility review.",0.0,0.620691,0.62,0.612584
0.0,0.290704,289,favorable,0.74646,0.77645,"Synthetic decision record for testing counterfactual reasoning, recourse, and feasibility review.",0.0,0.624481,0.62,0.603868
1.0,0.208798,290,unfavorable,0.402968,0.451722,"Synthetic decision record for testing counterfactual reasoning, recourse, and feasibility review.",0.0,0.482642,0.62,0.370761
1.0,0.741814,291,review,0.581163,0.373995,"Synthetic decision record for testing counterfactual reasoning, recourse, and feasibility review.",0.0,0.44203,0.62,0.450014
0.0,0.758503,292,favorable,0.852503,0.651217,"Synthetic decision record for testing counterfactual reasoning, recourse, and feasibility review.",0.0,0.686372,0.62,0.744464
1.0,0.359468,293,unfavorable,0.483873,0.409644,"Synthetic decision record for testing counterfactual reasoning, recourse, and feasibility review.",0.0,0.630036,0.62,0.470184
1.0,0.251516,294,unfavorable,0.347509,0.538659,"Synthetic decision record for testing counterfactual reasoning, recourse, and feasibility review.",0.0,0.288918,0.62,0.0
1.0,0.421779,295,review,0.522,0.556473,"Synthetic decision record for testing counterfactual reasoning, recourse, and feasibility review.",0.0,0.444663,0.62,0.455181
0.0,0.406974,296,favorable,0.803711,0.652852,"Synthetic decision record for testing counterfactual reasoning, recourse, and feasibility review.",0.0,0.611117,0.62,1.0
1.0,0.325297,297,unfavorable,0.480616,0.362476,"Synthetic decision record for testing counterfactual reasoning, recourse, and feasibility review.",0.0,0.701268,0.62,0.537593
1.0,0.298994,298,review,0.527348,0.640474,"Synthetic decision record for testing counterfactual reasoning, recourse, and feasibility review.",0.0,0.597189,0.62,0.473671
0.0,0.412036,299,favorable,0.650516,0.81054,"Synthetic decision record for testing counterfactual reasoning, recourse, and feasibility review.",1.0,0.240942,0.62,0.710864
0.0,0.935502,300,favorable,0.890748,0.702096,"Synthetic decision record for testing counterfactual reasoning, recourse, and feasibility review.",0.0,0.66624,0.62,0.791229
0.0,0.961723,301,favorable,0.875185,0.775708,"Synthetic decision record for testing counterfactual reasoning, recourse, and feasibility review.",0.0,0.660506,0.62,0.448718
0.0,0.5531,302,favorable,0.741285,0.254099,"Synthetic decision record for testing counterfactual reasoning, recourse, and feasibility review.",0.0,0.594823,0.62,0.898238
0.0,0.766407,303,favorable,0.825419,0.549987,"Synthetic decision record for testing counterfactual reasoning, recourse, and feasibility review.",0.0,0.562978,0.62,0.715736
0.0,0.538032,304,favorable,0.640987,0.467241,"Synthetic decision record for testing counterfactual reasoning, recourse, and feasibility review.",1.0,0.73591,0.62,0.60508
0.0,0.751236,305,favorable,0.827254,0.544332,"Synthetic decision record for testing counterfactual reasoning, recourse, and feasibility review.",0.0,0.450159,0.62,0.845265
0.0,0.749979,306,favorable,0.822001,0.594314,"Synthetic decision record for testing counterfactual reasoning, recourse, and feasibility review.",0.0,0.561269,0.62,0.650774
1.0,0.728741,307,review,0.522676,0.38678,"Synthetic decision record for testing counterfactual reasoning, recourse, and feasibility review.",0.0,0.197748,0.62,0.326491
0.0,0.656698,308,favorable,0.812284,0.698624,"Synthetic decision record for testing counterfactual reasoning, recourse, and feasibility review.",0.0,0.712107,0.62,0.478372
0.0,0.514864,309,favorable,0.804224,0.580247,"Synthetic decision record for testing counterfactual reasoning, recourse, and feasibility review.",0.0,0.651488,0.62,0.889671
0.0,0.571025,310,favorable,0.635095,0.304344,"Synthetic decision record for testing counterfactual reasoning, recourse, and feasibility review.",0.0,0.362429,0.62,0.327004
0.0,0.377299,311,favorable,0.71434,0.571746,"Synthetic decision record for testing counterfactual reasoning, recourse, and feasibility review.",0.0,0.304938,0.62,0.769578
0.0,0.580174,312,favorable,0.80917,0.729438,"Synthetic decision record for testing counterfactual reasoning, recourse, and feasibility review.",0.0,0.665828,0.62,0.577304
0.0,0.327978,313,review,0.604293,0.789442,"Synthetic decision record for testing counterfactual reasoning, recourse, and feasibility review.",1.0,0.520573,0.62,0.455214
0.0,0.378983,314,favorable,0.836134,1.0,"Synthetic decision record for testing counterfactual reasoning, recourse, and feasibility review.",0.0,0.675885,0.62,0.760594
1.0,0.637191,315,favorable,0.632007,0.480982,"Synthetic decision record for testing counterfactual reasoning, recourse, and feasibility review.",0.0,0.545205,0.62,0.674837
0.0,0.41339,316,favorable,0.695929,0.618233,"Synthetic decision record for testing counterfactual reasoning, recourse, and feasibility review.",0.0,0.65281,0.62,0.284555
1.0,0.24442,317,unfavorable,0.410715,0.391482,"Synthetic decision record for testing counterfactual reasoning, recourse, and feasibility review.",0.0,0.461521,0.62,0.451206
0.0,0.541012,318,favorable,0.71898,0.519413,"Synthetic decision record for testing counterfactual reasoning, recourse, and feasibility review.",0.0,0.426538,0.62,0.496309
1.0,0.280608,319,unfavorable,0.463784,0.56933,"Synthetic decision record for testing counterfactual reasoning, recourse, and feasibility review.",0.0,0.438782,0.62,0.404343
0.0,0.491714,320,favorable,0.765002,0.626054,"Synthetic decision record for testing counterfactual reasoning, recourse, and feasibility review.",0.0,0.651792,0.62,0.571958
1.0,0.74537,321,review,0.571133,0.258484,"Synthetic decision record for testing counterfactual reasoning, recourse, and feasibility review.",0.0,0.612261,0.62,0.448458
1.0,0.196972,322,unfavorable,0.443813,0.596704,"Synthetic decision record for testing counterfactual reasoning, recourse, and feasibility review.",0.0,0.330053,0.62,0.488895
0.0,0.42974,323,favorable,0.72818,0.606795,"Synthetic decision record for testing counterfactual reasoning, recourse, and feasibility review.",0.0,0.306085,0.62,0.707232
1.0,0.707371,324,review,0.594881,0.609609,"Synthetic decision record for testing counterfactual reasoning, recourse, and feasibility review.",0.0,0.381774,0.62,0.271229
1.0,0.171673,325,unfavorable,0.413572,0.531635,"Synthetic decision record for testing counterfactual reasoning, recourse, and feasibility review.",0.0,0.570522,0.62,0.312633
0.0,0.193339,326,unfavorable,0.470299,0.442211,"Synthetic decision record for testing counterfactual reasoning, recourse, and feasibility review.",1.0,0.557747,0.62,0.516628
0.0,0.289661,327,favorable,0.717611,0.608573,"Synthetic decision record for testing counterfactual reasoning, recourse, and feasibility review.",0.0,0.461731,0.62,0.785493
0.0,0.041004,328,unfavorable,0.486319,0.615751,"Synthetic decision record for testing counterfactual reasoning, recourse, and feasibility review.",1.0,0.599937,0.62,0.583676
0.0,0.804966,329,favorable,0.828019,1.0,"Synthetic decision record for testing counterfactual reasoning, recourse, and feasibility review.",1.0,0.480304,0.62,0.737851
0.0,0.939026,330,favorable,0.907397,1.0,"Synthetic decision record for testing counterfactual reasoning, recourse, and feasibility review.",0.0,0.563463,0.62,0.638459
1.0,0.184325,331,unfavorable,0.335014,0.202006,"Synthetic decision record for testing counterfactual reasoning, recourse, and feasibility review.",0.0,0.354898,0.62,0.511915
1.0,0.191185,332,unfavorable,0.42587,0.396902,"Synthetic decision record for testing counterfactual reasoning, recourse, and feasibility review.",0.0,0.728343,0.62,0.433985
0.0,0.756092,333,favorable,0.807971,0.841099,"Synthetic decision record for testing counterfactual reasoning, recourse, and feasibility review.",0.0,0.487835,0.62,0.203651
0.0,0.55678,334,favorable,0.766692,0.670142,"Synthetic decision record for testing counterfactual reasoning, recourse, and feasibility review.",0.0,0.853681,0.62,0.260871
0.0,0.826508,335,favorable,0.788196,0.530301,"Synthetic decision record for testing counterfactual reasoning, recourse, and feasibility review.",0.0,0.375525,0.62,0.465932
0.0,0.526874,336,favorable,0.746261,0.68596,"Synthetic decision record for testing counterfactual reasoning, recourse, and feasibility review.",0.0,0.49923,0.62,0.396345
0.0,0.609427,337,favorable,0.674629,0.573458,"Synthetic decision record for testing counterfactual reasoning, recourse, and feasibility review.",1.0,0.683369,0.62,0.539406
1.0,0.0,338,unfavorable,0.304335,0.345832,"Synthetic decision record for testing counterfactual reasoning, recourse, and feasibility review.",0.0,0.571193,0.62,0.305133
0.0,0.568831,339,favorable,0.701796,0.690073,"Synthetic decision record for testing counterfactual reasoning, recourse, and feasibility review.",1.0,0.573463,0.62,0.671959
1.0,0.356294,340,unfavorable,0.426324,0.447938,"Synthetic decision record for testing counterfactual reasoning, recourse, and feasibility review.",0.0,0.500441,0.62,0.217176
0.0,0.743384,341,favorable,0.836289,0.670658,"Synthetic decision record for testing counterfactual reasoning, recourse, and feasibility review.",0.0,0.746359,0.62,0.547096
1.0,0.485032,342,unfavorable,0.372455,0.383063,"Synthetic decision record for testing counterfactual reasoning, recourse, and feasibility review.",1.0,0.426222,0.62,0.53863
0.0,0.697196,343,favorable,0.77226,0.668926,"Synthetic decision record for testing counterfactual reasoning, recourse, and feasibility review.",0.0,0.702147,0.62,0.151615
0.0,0.637932,344,favorable,0.70227,0.143894,"Synthetic decision record for testing counterfactual reasoning, recourse, and feasibility review.",0.0,0.702466,0.62,0.592622
1.0,0.466292,345,review,0.557524,0.693394,"Synthetic decision record for testing counterfactual reasoning, recourse, and feasibility review.",0.0,0.594004,0.62,0.245279
0.0,0.529563,346,favorable,0.815915,0.507583,"Synthetic decision record for testing counterfactual reasoning, recourse, and feasibility review.",0.0,0.74899,0.62,1.0
1.0,0.553354,347,review,0.595196,0.715828,"Synthetic decision record for testing counterfactual reasoning, recourse, and feasibility review.",0.0,0.894505,0.62,0.040192
0.0,0.740314,348,favorable,0.824123,0.541082,"Synthetic decision record for testing counterfactual reasoning, recourse, and feasibility review.",0.0,0.639348,0.62,0.712676
0.0,0.599674,349,favorable,0.797528,0.637522,"Synthetic decision record for testing counterfactual reasoning, recourse, and feasibility review.",0.0,0.604776,0.62,0.629665
0.0,0.42641,350,favorable,0.779705,0.623312,"Synthetic decision record for testing counterfactual reasoning, recourse, and feasibility review.",0.0,0.416973,0.62,0.960432
0.0,0.637182,351,favorable,0.715888,0.559143,"Synthetic decision record for testing counterfactual reasoning, recourse, and feasibility review.",0.0,0.411136,0.62,0.25393
0.0,0.652629,352,favorable,0.812429,0.624737,"Synthetic decision record for testing counterfactual reasoning, recourse, and feasibility review.",0.0,0.779851,0.62,0.551194
0.0,0.852484,353,favorable,0.852612,0.402158,"Synthetic decision record for testing counterfactual reasoning, recourse, and feasibility review.",0.0,0.709407,0.62,0.932969
0.0,0.706713,354,favorable,0.871241,0.898836,"Synthetic decision record for testing counterfactual reasoning, recourse, and feasibility review.",0.0,0.609797,0.62,0.716565
0.0,0.598047,355,review,0.571729,0.39432,"Synthetic decision record for testing counterfactual reasoning, recourse, and feasibility review.",1.0,0.379325,0.62,0.487408
0.0,0.361679,356,unfavorable,0.494082,0.350662,"Synthetic decision record for testing counterfactual reasoning, recourse, and feasibility review.",1.0,0.378008,0.62,0.591492
0.0,0.804682,357,favorable,0.835077,0.679276,"Synthetic decision record for testing counterfactual reasoning, recourse, and feasibility review.",0.0,0.867413,0.62,0.32881
0.0,0.430229,358,favorable,0.661738,0.655244,"Synthetic decision record for testing counterfactual reasoning, recourse, and feasibility review.",1.0,0.479237,0.62,0.80918
0.0,0.435859,359,favorable,0.773973,0.83198,"Synthetic decision record for testing counterfactual reasoning, recourse, and feasibility review.",0.0,0.604208,0.62,0.460246
1.0,0.341895,360,unfavorable,0.515992,0.430178,"Synthetic decision record for testing counterfactual reasoning, recourse, and feasibility review.",0.0,0.503831,0.62,0.71865
0.0,0.308249,361,favorable,0.790476,0.87064,"Synthetic decision record for testing counterfactual reasoning, recourse, and feasibility review.",0.0,0.490735,0.62,0.8327
1.0,0.445706,362,unfavorable,0.291091,0.265759,"Synthetic decision record for testing counterfactual reasoning, recourse, and feasibility review.",1.0,0.468179,0.62,0.296532
0.0,0.366539,363,review,0.616216,0.733654,"Synthetic decision record for testing counterfactual reasoning, recourse, and feasibility review.",1.0,0.449459,0.62,0.580559
0.0,0.528764,364,favorable,0.782197,0.976062,"Synthetic decision record for testing counterfactual reasoning, recourse, and feasibility review.",1.0,0.767414,0.62,0.71057
0.0,0.577208,365,favorable,0.748025,0.644097,"Synthetic decision record for testing counterfactual reasoning, recourse, and feasibility review.",0.0,0.717662,0.62,0.229408
1.0,0.310367,366,unfavorable,0.481806,0.52689,"Synthetic decision record for testing counterfactual reasoning, recourse, and feasibility review.",0.0,0.710867,0.62,0.317394
1.0,0.245516,367,unfavorable,0.419987,0.426321,"Synthetic decision record for testing counterfactual reasoning, recourse, and feasibility review.",0.0,0.700074,0.62,0.280684
0.0,0.847781,368,favorable,0.829518,0.570659,"Synthetic decision record for testing counterfactual reasoning, recourse, and feasibility review.",0.0,0.759212,0.62,0.438217
0.0,0.222797,369,review,0.564049,0.374025,"Synthetic decision record for testing counterfactual reasoning, recourse, and feasibility review.",0.0,0.477753,0.62,0.403703
0.0,0.287768,370,review,0.572599,0.769422,"Synthetic decision record for testing counterfactual reasoning, recourse, and feasibility review.",1.0,0.307622,0.62,0.540874
1.0,0.164706,371,unfavorable,0.471716,0.685656,"Synthetic decision record for testing counterfactual reasoning, recourse, and feasibility review.",0.0,0.52644,0.62,0.419489
0.0,0.857246,372,favorable,0.897343,0.780356,"Synthetic decision record for testing counterfactual reasoning, recourse, and feasibility review.",0.0,0.744332,0.62,0.849039
0.0,0.498365,373,review,0.562893,0.384907,"Synthetic decision record for testing counterfactual reasoning, recourse, and feasibility review.",1.0,0.539785,0.62,0.526892
1.0,0.502998,374,unfavorable,0.441587,0.186198,"Synthetic decision record for testing counterfactual reasoning, recourse, and feasibility review.",0.0,0.377124,0.62,0.506344
0.0,0.551203,375,favorable,0.744106,0.454116,"Synthetic decision record for testing counterfactual reasoning, recourse, and feasibility review.",0.0,0.558503,0.62,0.645072
1.0,0.5118,376,review,0.617497,0.619367,"Synthetic decision record for testing counterfactual reasoning, recourse, and feasibility review.",0.0,0.6454,0.62,0.548269
1.0,0.284142,377,unfavorable,0.276525,0.552334,"Synthetic decision record for testing counterfactual reasoning, recourse, and feasibility review.",1.0,0.261319,0.62,0.21213
1.0,0.25136,378,unfavorable,0.331051,0.692753,"Synthetic decision record for testing counterfactual reasoning, recourse, and feasibility review.",1.0,0.475588,0.62,0.236518
1.0,0.617324,379,favorable,0.717177,0.846053,"Synthetic decision record for testing counterfactual reasoning, recourse, and feasibility review.",0.0,0.646282,0.62,0.580832
0.0,0.454287,380,favorable,0.67128,0.480807,"Synthetic decision record for testing counterfactual reasoning, recourse, and feasibility review.",0.0,0.638127,0.62,0.284158
0.0,0.615865,381,favorable,0.726386,0.651942,"Synthetic decision record for testing counterfactual reasoning, recourse, and feasibility review.",0.0,0.426151,0.62,0.208309
1.0,0.386768,382,unfavorable,0.388639,0.214911,"Synthetic decision record for testing counterfactual reasoning, recourse, and feasibility review.",0.0,0.490208,0.62,0.3233
1.0,0.283911,383,unfavorable,0.330077,0.40348,"Synthetic decision record for testing counterfactual reasoning, recourse, and feasibility review.",1.0,0.406268,0.62,0.653585
0.0,0.72142,384,favorable,0.882228,0.756917,"Synthetic decision record for testing counterfactual reasoning, recourse, and feasibility review.",0.0,0.653352,0.62,1.0
0.0,0.193449,385,unfavorable,0.497709,0.409368,"Synthetic decision record for testing counterfactual reasoning, recourse, and feasibility review.",1.0,0.43461,0.62,0.787574
1.0,0.193918,386,unfavorable,0.379466,0.481988,"Synthetic decision record for testing counterfactual reasoning, recourse, and feasibility review.",0.0,0.520289,0.62,0.203072
0.0,0.38635,387,favorable,0.736856,0.680365,"Synthetic decision record for testing counterfactual reasoning, recourse, and feasibility review.",0.0,0.562452,0.62,0.554622
0.0,0.63644,388,favorable,0.812511,0.809346,"Synthetic decision record for testing counterfactual reasoning, recourse, and feasibility review.",0.0,0.403409,0.62,0.563099
0.0,0.291329,389,favorable,0.620355,0.71812,"Synthetic decision record for testing counterfactual reasoning, recourse, and feasibility review.",1.0,0.413818,0.62,0.786606
0.0,0.509933,390,favorable,0.782551,0.779717,"Synthetic decision record for testing counterfactual reasoning, recourse, and feasibility review.",0.0,0.566407,0.62,0.49251
0.0,0.604695,391,favorable,0.703246,0.358451,"Synthetic decision record for testing counterfactual reasoning, recourse, and feasibility review.",0.0,0.672379,0.62,0.357559
0.0,0.804842,392,favorable,0.743075,0.6055,"Synthetic decision record for testing counterfactual reasoning, recourse, and feasibility review.",1.0,0.591834,0.62,0.616104
0.0,0.163372,393,review,0.549592,0.6033,"Synthetic decision record for testing counterfactual reasoning, recourse, and feasibility review.",1.0,0.632933,0.62,0.675076
1.0,0.220692,394,unfavorable,0.365809,0.66989,"Synthetic decision record for testing counterfactual reasoning, recourse, and feasibility review.",1.0,0.3833,0.62,0.581342
1.0,0.532747,395,unfavorable,0.405302,0.614555,"Synthetic decision record for testing counterfactual reasoning, recourse, and feasibility review.",1.0,0.514346,0.62,0.217172
0.0,0.489401,396,favorable,0.751316,0.399685,"Synthetic decision record for testing counterfactual reasoning, recourse, and feasibility review.",0.0,0.52875,0.62,0.906969
1.0,0.406614,397,unfavorable,0.424144,0.273354,"Synthetic decision record for testing counterfactual reasoning, recourse, and feasibility review.",0.0,0.223167,0.62,0.567323
0.0,0.401994,398,favorable,0.748964,0.820625,"Synthetic decision record for testing counterfactual reasoning, recourse, and feasibility review.",0.0,0.301533,0.62,0.574512
0.0,0.581526,399,favorable,0.767783,0.563664,"Synthetic decision record for testing counterfactual reasoning, recourse, and feasibility review.",0.0,0.581459,0.62,0.570528
0.0,0.438075,400,review,0.590307,0.550624,"Synthetic decision record for testing counterfactual reasoning, recourse, and feasibility review.",1.0,0.549345,0.62,0.521424
0.0,0.320622,401,favorable,0.625309,0.694439,"Synthetic decision record for testing counterfactual reasoning, recourse, and feasibility review.",1.0,0.344028,0.62,0.843376
1.0,0.230765,402,unfavorable,0.382663,0.168428,"Synthetic decision record for testing counterfactual reasoning, recourse, and feasibility review.",0.0,0.577694,0.62,0.584107
0.0,0.354843,403,favorable,0.626802,0.624429,"Synthetic decision record for testing counterfactual reasoning, recourse, and feasibility review.",1.0,0.379228,0.62,0.870135
0.0,0.76585,404,favorable,0.772838,0.594759,"Synthetic decision record for testing counterfactual reasoning, recourse, and feasibility review.",0.0,0.244399,0.62,0.457239
0.0,0.652197,405,favorable,0.790248,0.599864,"Synthetic decision record for testing counterfactual reasoning, recourse, and feasibility review.",0.0,0.743571,0.62,0.439918
1.0,0.636373,406,favorable,0.652698,0.669482,"Synthetic decision record for testing counterfactual reasoning, recourse, and feasibility review.",0.0,0.851697,0.62,0.295458
0.0,0.538776,407,favorable,0.623406,0.554698,"Synthetic decision record for testing counterfactual reasoning, recourse, and feasibility review.",1.0,0.282863,0.62,0.689492
0.0,0.499652,408,favorable,0.833845,0.879131,"Synthetic decision record for testing counterfactual reasoning, recourse, and feasibility review.",0.0,0.243046,0.62,1.0
0.0,0.740831,409,favorable,0.849526,0.628887,"Synthetic decision record for testing counterfactual reasoning, recourse, and feasibility review.",0.0,0.672515,0.62,0.790168
0.0,0.395777,410,favorable,0.739459,0.598483,"Synthetic decision record for testing counterfactual reasoning, recourse, and feasibility review.",0.0,0.615306,0.62,0.640854
0.0,0.283007,411,review,0.615525,0.668082,"Synthetic decision record for testing counterfactual reasoning, recourse, and feasibility review.",1.0,0.197346,0.62,1.0
0.0,0.526201,412,favorable,0.807201,0.659146,"Synthetic decision record for testing counterfactual reasoning, recourse, and feasibility review.",0.0,0.496924,0.62,0.880814
0.0,0.427703,413,favorable,0.738478,0.544846,"Synthetic decision record for testing counterfactual reasoning, recourse, and feasibility review.",0.0,0.518962,0.62,0.723327
0.0,0.41884,414,review,0.566884,0.605621,"Synthetic decision record for testing counterfactual reasoning, recourse, and feasibility review.",1.0,0.557536,0.62,0.348054
0.0,0.559574,415,favorable,0.729794,0.506093,"Synthetic decision record for testing counterfactual reasoning, recourse, and feasibility review.",0.0,0.347586,0.62,0.604641
0.0,0.568582,416,favorable,0.729936,0.331656,"Synthetic decision record for testing counterfactual reasoning, recourse, and feasibility review.",0.0,0.490889,0.62,0.75235
0.0,0.663828,417,favorable,0.730492,0.647946,"Synthetic decision record for testing counterfactual reasoning, recourse, and feasibility review.",1.0,0.525952,0.62,0.772201
1.0,0.601526,418,review,0.526714,0.33724,"Synthetic decision record for testing counterfactual reasoning, recourse, and feasibility review.",0.0,0.582496,0.62,0.387108
1.0,0.485111,419,unfavorable,0.400017,0.551743,"Synthetic decision record for testing counterfactual reasoning, recourse, and feasibility review.",1.0,0.331607,0.62,0.495901
0.0,0.619835,420,favorable,0.775424,0.48895,"Synthetic decision record for testing counterfactual reasoning, recourse, and feasibility review.",0.0,0.529868,0.62,0.702834
0.0,0.755308,421,favorable,0.885437,1.0,"Synthetic decision record for testing counterfactual reasoning, recourse, and feasibility review.",0.0,0.6536,0.62,0.612852
1.0,0.480801,422,review,0.557436,0.636909,"Synthetic decision record for testing counterfactual reasoning, recourse, and feasibility review.",0.0,0.581131,0.62,0.312108
1.0,0.486394,423,unfavorable,0.326992,0.265666,"Synthetic decision record for testing counterfactual reasoning, recourse, and feasibility review.",1.0,0.085627,0.62,0.696268
0.0,0.473073,424,favorable,0.745508,0.75845,"Synthetic decision record for testing counterfactual reasoning, recourse, and feasibility review.",0.0,0.506641,0.62,0.375061
1.0,0.265908,425,unfavorable,0.316735,0.424985,"Synthetic decision record for testing counterfactual reasoning, recourse, and feasibility review.",1.0,0.452876,0.62,0.54569
0.0,0.742248,426,favorable,0.862236,0.73826,"Synthetic decision record for testing counterfactual reasoning, recourse, and feasibility review.",0.0,0.93933,0.62,0.568984
0.0,0.672576,427,favorable,0.826956,0.761508,"Synthetic decision record for testing counterfactual reasoning, recourse, and feasibility review.",0.0,0.474594,0.62,0.642666
0.0,0.321007,428,favorable,0.715161,0.649979,"Synthetic decision record for testing counterfactual reasoning, recourse, and feasibility review.",0.0,0.489637,0.62,0.632312
1.0,0.404066,429,favorable,0.636912,0.864106,"Synthetic decision record for testing counterfactual reasoning, recourse, and feasibility review.",0.0,0.57292,0.62,0.530075
0.0,0.610023,430,favorable,0.748092,0.297249,"Synthetic decision record for testing counterfactual reasoning, recourse, and feasibility review.",0.0,0.710528,0.62,0.695547
0.0,0.589771,431,favorable,0.738895,0.716793,"Synthetic decision record for testing counterfactual reasoning, recourse, and feasibility review.",1.0,0.703987,0.62,0.734649
0.0,0.488507,432,favorable,0.799766,0.69316,"Synthetic decision record for testing counterfactual reasoning, recourse, and feasibility review.",0.0,0.557981,0.62,0.797267
0.0,0.598652,433,favorable,0.784997,0.529744,"Synthetic decision record for testing counterfactual reasoning, recourse, and feasibility review.",0.0,0.629276,0.62,0.681482
0.0,0.351862,434,review,0.557694,0.35604,"Synthetic decision record for testing counterfactual reasoning, recourse, and feasibility review.",1.0,0.562721,0.62,0.79358
0.0,0.683326,435,favorable,0.681201,0.620349,"Synthetic decision record for testing counterfactual reasoning, recourse, and feasibility review.",1.0,0.393003,0.62,0.572381
1.0,0.313103,436,unfavorable,0.400396,0.401624,"Synthetic decision record for testing counterfactual reasoning, recourse, and feasibility review.",0.0,0.286499,0.62,0.378329
0.0,0.637003,437,favorable,0.81977,0.772279,"Synthetic decision record for testing counterfactual reasoning, recourse, and feasibility review.",0.0,0.422978,0.62,0.6647
0.0,0.32912,438,favorable,0.6701,0.568462,"Synthetic decision record for testing counterfactual reasoning, recourse, and feasibility review.",0.0,0.557216,0.62,0.428485
0.0,0.64789,439,favorable,0.836384,0.891626,"Synthetic decision record for testing counterfactual reasoning, recourse, and feasibility review.",0.0,0.547097,0.62,0.526593
0.0,0.432316,440,favorable,0.71706,0.880678,"Synthetic decision record for testing counterfactual reasoning, recourse, and feasibility review.",1.0,0.481478,0.62,0.789303
0.0,0.586187,441,favorable,0.850999,0.977276,"Synthetic decision record for testing counterfactual reasoning, recourse, and feasibility review.",0.0,0.723656,0.62,0.527177
0.0,0.712858,442,favorable,0.699227,0.591615,"Synthetic decision record for testing counterfactual reasoning, recourse, and feasibility review.",1.0,0.202618,0.62,0.798245
0.0,0.587267,443,favorable,0.650034,0.356005,"Synthetic decision record for testing counterfactual reasoning, recourse, and feasibility review.",0.0,0.385039,0.62,0.28584
1.0,0.364122,444,unfavorable,0.400918,0.323871,"Synthetic decision record for testing counterfactual reasoning, recourse, and feasibility review.",0.0,0.451863,0.62,0.291516
1.0,0.145278,445,unfavorable,0.197013,0.159747,"Synthetic decision record for testing counterfactual reasoning, recourse, and feasibility review.",1.0,0.292667,0.62,0.47702
0.0,0.406096,446,favorable,0.622539,0.535741,"Synthetic decision record for testing counterfactual reasoning, recourse, and feasibility review.",1.0,0.568178,0.62,0.757639
0.0,0.749606,447,favorable,0.744861,0.420945,"Synthetic decision record for testing counterfactual reasoning, recourse, and feasibility review.",1.0,0.714794,0.62,0.92024
0.0,0.522694,448,favorable,0.702218,0.277479,"Synthetic decision record for testing counterfactual reasoning, recourse, and feasibility review.",0.0,0.411086,0.62,0.801126
0.0,0.384497,449,favorable,0.692189,0.441349,"Synthetic decision record for testing counterfactual reasoning, recourse, and feasibility review.",0.0,0.59859,0.62,0.617509
0.0,0.523979,450,favorable,0.668965,0.510239,"Synthetic decision record for testing counterfactual reasoning, recourse, and feasibility review.",1.0,0.528295,0.62,0.863613
0.0,0.728721,451,favorable,0.78687,0.638691,"Synthetic decision record for testing counterfactual reasoning, recourse, and feasibility review.",0.0,0.410244,0.62,0.446815
0.0,0.443718,452,favorable,0.620356,0.582617,"Synthetic decision record for testing counterfactual reasoning, recourse, and feasibility review.",1.0,0.485124,0.62,0.664635
0.0,0.555723,453,favorable,0.837135,0.977026,"Synthetic decision record for testing counterfactual reasoning, recourse, and feasibility review.",0.0,0.520733,0.62,0.590542
0.0,0.595225,454,favorable,0.757711,0.513184,"Synthetic decision record for testing counterfactual reasoning, recourse, and feasibility review.",0.0,0.50307,0.62,0.605731
0.0,0.700217,455,favorable,0.796195,0.5591,"Synthetic decision record for testing counterfactual reasoning, recourse, and feasibility review.",0.0,0.51145,0.62,0.618933
1.0,0.323237,456,review,0.540904,0.496813,"Synthetic decision record for testing counterfactual reasoning, recourse, and feasibility review.",0.0,0.592076,0.62,0.716839
0.0,0.700834,457,favorable,0.848864,0.671769,"Synthetic decision record for testing counterfactual reasoning, recourse, and feasibility review.",0.0,0.606268,0.62,0.837421
0.0,0.517974,458,favorable,0.794125,0.846166,"Synthetic decision record for testing counterfactual reasoning, recourse, and feasibility review.",0.0,0.592979,0.62,0.446714
1.0,0.56535,459,review,0.608267,0.672141,"Synthetic decision record for testing counterfactual reasoning, recourse, and feasibility review.",0.0,0.502276,0.62,0.421817
0.0,0.598277,460,favorable,0.681567,0.534664,"Synthetic decision record for testing counterfactual reasoning, recourse, and feasibility review.",1.0,0.685634,0.62,0.655982
1.0,0.909622,461,favorable,0.751154,0.529758,"Synthetic decision record for testing counterfactual reasoning, recourse, and feasibility review.",0.0,0.751138,0.62,0.671237
0.0,0.602031,462,favorable,0.745507,0.641057,"Synthetic decision record for testing counterfactual reasoning, recourse, and feasibility review.",0.0,0.660927,0.62,0.211335
1.0,0.598656,463,favorable,0.630916,0.675699,"Synthetic decision record for testing counterfactual reasoning, recourse, and feasibility review.",0.0,0.303295,0.62,0.613056
0.0,0.743482,464,favorable,0.822724,0.734641,"Synthetic decision record for testing counterfactual reasoning, recourse, and feasibility review.",0.0,0.524331,0.62,0.483641
1.0,0.477938,465,review,0.567522,0.89536,"Synthetic decision record for testing counterfactual reasoning, recourse, and feasibility review.",1.0,0.49504,0.62,0.72754
1.0,0.37112,466,review,0.598698,0.689701,"Synthetic decision record for testing counterfactual reasoning, recourse, and feasibility review.",0.0,0.648826,0.62,0.596778
0.0,0.67154,467,favorable,0.682899,0.707119,"Synthetic decision record for testing counterfactual reasoning, recourse, and feasibility review.",1.0,0.762946,0.62,0.219038
1.0,0.057172,468,unfavorable,0.276235,0.146974,"Synthetic decision record for testing counterfactual reasoning, recourse, and feasibility review.",0.0,0.60885,0.62,0.303311
0.0,0.482029,469,favorable,0.667789,0.464736,"Synthetic decision record for testing counterfactual reasoning, recourse, and feasibility review.",0.0,0.436723,0.62,0.376724
0.0,0.467072,470,favorable,0.835531,1.0,"Synthetic decision record for testing counterfactual reasoning, recourse, and feasibility review.",0.0,0.576176,0.62,0.663989
0.0,0.815599,471,favorable,0.880905,0.927117,"Synthetic decision record for testing counterfactual reasoning, recourse, and feasibility review.",0.0,0.453581,0.62,0.695502
0.0,0.542563,472,favorable,0.764908,0.627422,"Synthetic decision record for testing counterfactual reasoning, recourse, and feasibility review.",0.0,0.433671,0.62,0.627044
0.0,0.561662,473,favorable,0.858728,0.781419,"Synthetic decision record for testing counterfactual reasoning, recourse, and feasibility review.",0.0,0.832792,0.62,0.868267
0.0,0.384946,474,favorable,0.755404,0.649684,"Synthetic decision record for testing counterfactual reasoning, recourse, and feasibility review.",0.0,0.497311,0.62,0.770414
0.0,0.542916,475,favorable,0.839457,0.773933,"Synthetic decision record for testing counterfactual reasoning, recourse, and feasibility review.",0.0,0.680947,0.62,0.829653
1.0,0.503469,476,review,0.572719,0.50323,"Synthetic decision record for testing counterfactual reasoning, recourse, and feasibility review.",0.0,0.805987,0.62,0.394694
0.0,0.71358,477,favorable,0.755607,0.975504,"Synthetic decision record for testing counterfactual reasoning, recourse, and feasibility review.",1.0,0.354203,0.62,0.473293
0.0,0.406785,478,favorable,0.767297,0.458888,"Synthetic decision record for testing counterfactual reasoning, recourse, and feasibility review.",0.0,0.659478,0.62,0.987365
0.0,0.45162,479,favorable,0.81227,0.786716,"Synthetic decision record for testing counterfactual reasoning, recourse, and feasibility review.",0.0,0.678826,0.62,0.740707
0.0,0.858619,480,favorable,0.861855,0.623518,"Synthetic decision record for testing counterfactual reasoning, recourse, and feasibility review.",0.0,0.664677,0.62,0.714985
0.0,0.83593,481,favorable,0.813055,0.519784,"Synthetic decision record for testing counterfactual reasoning, recourse, and feasibility review.",0.0,0.669626,0.62,0.457312
0.0,0.679066,482,favorable,0.863327,0.794938,"Synthetic decision record for testing counterfactual reasoning, recourse, and feasibility review.",0.0,0.65938,0.62,0.802465
1.0,0.16231,483,unfavorable,0.391688,0.534959,"Synthetic decision record for testing counterfactual reasoning, recourse, and feasibility review.",0.0,0.392558,0.62,0.333215
0.0,0.7152,484,favorable,0.838281,0.824606,"Synthetic decision record for testing counterfactual reasoning, recourse, and feasibility review.",0.0,0.637109,0.62,0.460647
0.0,0.558748,485,favorable,0.756053,0.749755,"Synthetic decision record for testing counterfactual reasoning, recourse, and feasibility review.",0.0,0.561592,0.62,0.265491
0.0,0.379336,486,review,0.542316,0.352655,"Synthetic decision record for testing counterfactual reasoning, recourse, and feasibility review.",1.0,0.643781,0.62,0.61546
0.0,0.614939,487,favorable,0.698917,0.614622,"Synthetic decision record for testing counterfactual reasoning, recourse, and feasibility review.",1.0,0.324117,0.62,0.855843
0.0,0.52333,488,favorable,0.724845,0.533163,"Synthetic decision record for testing counterfactual reasoning, recourse, and feasibility review.",0.0,0.567121,0.62,0.447606
0.0,0.661473,489,favorable,0.7608,0.593368,"Synthetic decision record for testing counterfactual reasoning, recourse, and feasibility review.",0.0,0.425748,0.62,0.439665
1.0,0.342541,490,unfavorable,0.46438,0.528269,"Synthetic decision record for testing counterfactual reasoning, recourse, and feasibility review.",0.0,0.250067,0.62,0.486419
0.0,0.100083,491,unfavorable,0.410355,0.531392,"Synthetic decision record for testing counterfactual reasoning, recourse, and feasibility review.",1.0,0.320385,0.62,0.410625
0.0,0.68063,492,favorable,0.818789,0.615743,"Synthetic decision record for testing counterfactual reasoning, recourse, and feasibility review.",0.0,0.411763,0.62,0.819858
1.0,0.177133,493,unfavorable,0.271186,0.641025,"Synthetic decision record for testing counterfactual reasoning, recourse, and feasibility review.",1.0,0.609663,0.62,0.0
1.0,0.153813,494,unfavorable,0.270813,0.430297,"Synthetic decision record for testing counterfactual reasoning, recourse, and feasibility review.",1.0,0.406046,0.62,0.495983
0.0,0.48225,495,favorable,0.665384,0.787622,"Synthetic decision record for testing counterfactual reasoning, recourse, and feasibility review.",1.0,0.544487,0.62,0.491879
0.0,0.611652,496,review,0.595672,0.336581,"Synthetic decision record for testing counterfactual reasoning, recourse, and feasibility review.",1.0,0.297971,0.62,0.728486
0.0,0.378244,497,favorable,0.647579,0.440993,"Synthetic decision record for testing counterfactual reasoning, recourse, and feasibility review.",0.0,0.834477,0.62,0.214761
0.0,0.620519,498,favorable,0.798831,0.640809,"Synthetic decision record for testing counterfactual reasoning, recourse, and feasibility review.",0.0,0.678021,0.62,0.546715
0.0,0.438166,499,favorable,0.771898,0.641858,"Synthetic decision record for testing counterfactual reasoning, recourse, and feasibility review.",0.0,0.63242,0.62,0.707073
0.0,0.299682,500,favorable,0.746932,0.801786,"Synthetic decision record for testing counterfactual reasoning, recourse, and feasibility review.",0.0,0.711947,0.62,0.492581
